task_index,task_id,subcategory,eval_type,ground_truth,query
1,lila_arithmetic_001,arithmetic,exact,95,Compute (12 + 7) * 5.  Solve this problem step-by-step using Python code or mathematical reasoning. Your final answer should be enclosed in \boxed{}.
2,lila_arithmetic_002,arithmetic,exact,224,Compute (22 + 10) * 7.  Solve this problem step-by-step using Python code or mathematical reasoning. Your final answer should be enclosed in \boxed{}.
3,lila_arithmetic_003,arithmetic,exact,405,Compute (32 + 13) * 9.  Solve this problem step-by-step using Python code or mathematical reasoning. Your final answer should be enclosed in \boxed{}.
4,lila_arithmetic_004,arithmetic,exact,638,Compute (42 + 16) * 11.  Solve this problem step-by-step using Python code or mathematical reasoning. Your final answer should be enclosed in \boxed{}.
5,lila_arithmetic_005,arithmetic,exact,923,Compute (52 + 19) * 13.  Solve this problem step-by-step using Python code or mathematical reasoning. Your final answer should be enclosed in \boxed{}.
6,lila_arithmetic_006,arithmetic,exact,1260,Compute (62 + 22) * 15.  Solve this problem step-by-step using Python code or mathematical reasoning. Your final answer should be enclosed in \boxed{}.
7,lila_arithmetic_007,arithmetic,exact,1649,Compute (72 + 25) * 17.  Solve this problem step-by-step using Python code or mathematical reasoning. Your final answer should be enclosed in \boxed{}.
8,lila_arithmetic_008,arithmetic,exact,2090,Compute (82 + 28) * 19.  Solve this problem step-by-step using Python code or mathematical reasoning. Your final answer should be enclosed in \boxed{}.
9,lila_arithmetic_009,arithmetic,exact,2583,Compute (92 + 31) * 21.  Solve this problem step-by-step using Python code or mathematical reasoning. Your final answer should be enclosed in \boxed{}.
10,lila_arithmetic_010,arithmetic,exact,3128,Compute (102 + 34) * 23.  Solve this problem step-by-step using Python code or mathematical reasoning. Your final answer should be enclosed in \boxed{}.
11,lila_arithmetic_011,arithmetic,exact,3725,Compute (112 + 37) * 25.  Solve this problem step-by-step using Python code or mathematical reasoning. Your final answer should be enclosed in \boxed{}.
12,lila_arithmetic_012,arithmetic,exact,4374,Compute (122 + 40) * 27.  Solve this problem step-by-step using Python code or mathematical reasoning. Your final answer should be enclosed in \boxed{}.
13,lila_arithmetic_013,arithmetic,exact,5075,Compute (132 + 43) * 29.  Solve this problem step-by-step using Python code or mathematical reasoning. Your final answer should be enclosed in \boxed{}.
14,lila_arithmetic_014,arithmetic,exact,5828,Compute (142 + 46) * 31.  Solve this problem step-by-step using Python code or mathematical reasoning. Your final answer should be enclosed in \boxed{}.
15,lila_arithmetic_015,arithmetic,exact,6633,Compute (152 + 49) * 33.  Solve this problem step-by-step using Python code or mathematical reasoning. Your final answer should be enclosed in \boxed{}.
16,lila_arithmetic_016,arithmetic,exact,7490,Compute (162 + 52) * 35.  Solve this problem step-by-step using Python code or mathematical reasoning. Your final answer should be enclosed in \boxed{}.
17,lila_arithmetic_017,arithmetic,exact,8399,Compute (172 + 55) * 37.  Solve this problem step-by-step using Python code or mathematical reasoning. Your final answer should be enclosed in \boxed{}.
18,lila_arithmetic_018,arithmetic,exact,9360,Compute (182 + 58) * 39.  Solve this problem step-by-step using Python code or mathematical reasoning. Your final answer should be enclosed in \boxed{}.
19,lila_arithmetic_019,arithmetic,exact,10373,Compute (192 + 61) * 41.  Solve this problem step-by-step using Python code or mathematical reasoning. Your final answer should be enclosed in \boxed{}.
20,lila_arithmetic_020,arithmetic,exact,11438,Compute (202 + 64) * 43.  Solve this problem step-by-step using Python code or mathematical reasoning. Your final answer should be enclosed in \boxed{}.
21,lila_arithmetic_021,arithmetic,exact,12555,Compute (212 + 67) * 45.  Solve this problem step-by-step using Python code or mathematical reasoning. Your final answer should be enclosed in \boxed{}.
22,lila_arithmetic_022,arithmetic,exact,13724,Compute (222 + 70) * 47.  Solve this problem step-by-step using Python code or mathematical reasoning. Your final answer should be enclosed in \boxed{}.
23,lila_arithmetic_023,arithmetic,exact,14945,Compute (232 + 73) * 49.  Solve this problem step-by-step using Python code or mathematical reasoning. Your final answer should be enclosed in \boxed{}.
24,lila_arithmetic_024,arithmetic,exact,16218,Compute (242 + 76) * 51.  Solve this problem step-by-step using Python code or mathematical reasoning. Your final answer should be enclosed in \boxed{}.
25,lila_arithmetic_025,arithmetic,exact,17543,Compute (252 + 79) * 53.  Solve this problem step-by-step using Python code or mathematical reasoning. Your final answer should be enclosed in \boxed{}.
26,lila_arithmetic_026,arithmetic,exact,18920,Compute (262 + 82) * 55.  Solve this problem step-by-step using Python code or mathematical reasoning. Your final answer should be enclosed in \boxed{}.
27,lila_arithmetic_027,arithmetic,exact,20349,Compute (272 + 85) * 57.  Solve this problem step-by-step using Python code or mathematical reasoning. Your final answer should be enclosed in \boxed{}.
28,lila_arithmetic_028,arithmetic,exact,21830,Compute (282 + 88) * 59.  Solve this problem step-by-step using Python code or mathematical reasoning. Your final answer should be enclosed in \boxed{}.
29,lila_arithmetic_029,arithmetic,exact,23363,Compute (292 + 91) * 61.  Solve this problem step-by-step using Python code or mathematical reasoning. Your final answer should be enclosed in \boxed{}.
30,lila_arithmetic_030,arithmetic,exact,24948,Compute (302 + 94) * 63.  Solve this problem step-by-step using Python code or mathematical reasoning. Your final answer should be enclosed in \boxed{}.
31,lila_arithmetic_031,arithmetic,exact,26585,Compute (312 + 97) * 65.  Solve this problem step-by-step using Python code or mathematical reasoning. Your final answer should be enclosed in \boxed{}.
32,lila_arithmetic_032,arithmetic,exact,28274,Compute (322 + 100) * 67.  Solve this problem step-by-step using Python code or mathematical reasoning. Your final answer should be enclosed in \boxed{}.
33,lila_arithmetic_033,arithmetic,exact,30015,Compute (332 + 103) * 69.  Solve this problem step-by-step using Python code or mathematical reasoning. Your final answer should be enclosed in \boxed{}.
34,lila_arithmetic_034,arithmetic,exact,31808,Compute (342 + 106) * 71.  Solve this problem step-by-step using Python code or mathematical reasoning. Your final answer should be enclosed in \boxed{}.
35,lila_arithmetic_035,arithmetic,exact,33653,Compute (352 + 109) * 73.  Solve this problem step-by-step using Python code or mathematical reasoning. Your final answer should be enclosed in \boxed{}.
36,lila_arithmetic_036,arithmetic,exact,35550,Compute (362 + 112) * 75.  Solve this problem step-by-step using Python code or mathematical reasoning. Your final answer should be enclosed in \boxed{}.
37,lila_arithmetic_037,arithmetic,exact,37499,Compute (372 + 115) * 77.  Solve this problem step-by-step using Python code or mathematical reasoning. Your final answer should be enclosed in \boxed{}.
38,lila_arithmetic_038,arithmetic,exact,39500,Compute (382 + 118) * 79.  Solve this problem step-by-step using Python code or mathematical reasoning. Your final answer should be enclosed in \boxed{}.
39,lila_arithmetic_039,arithmetic,exact,41553,Compute (392 + 121) * 81.  Solve this problem step-by-step using Python code or mathematical reasoning. Your final answer should be enclosed in \boxed{}.
40,lila_arithmetic_040,arithmetic,exact,43658,Compute (402 + 124) * 83.  Solve this problem step-by-step using Python code or mathematical reasoning. Your final answer should be enclosed in \boxed{}.
41,lila_arithmetic_041,arithmetic,exact,45815,Compute (412 + 127) * 85.  Solve this problem step-by-step using Python code or mathematical reasoning. Your final answer should be enclosed in \boxed{}.
42,lila_arithmetic_042,arithmetic,exact,48024,Compute (422 + 130) * 87.  Solve this problem step-by-step using Python code or mathematical reasoning. Your final answer should be enclosed in \boxed{}.
43,lila_arithmetic_043,arithmetic,exact,50285,Compute (432 + 133) * 89.  Solve this problem step-by-step using Python code or mathematical reasoning. Your final answer should be enclosed in \boxed{}.
44,lila_arithmetic_044,arithmetic,exact,52598,Compute (442 + 136) * 91.  Solve this problem step-by-step using Python code or mathematical reasoning. Your final answer should be enclosed in \boxed{}.
45,lila_arithmetic_045,arithmetic,exact,54963,Compute (452 + 139) * 93.  Solve this problem step-by-step using Python code or mathematical reasoning. Your final answer should be enclosed in \boxed{}.
46,lila_arithmetic_046,arithmetic,exact,57380,Compute (462 + 142) * 95.  Solve this problem step-by-step using Python code or mathematical reasoning. Your final answer should be enclosed in \boxed{}.
47,lila_arithmetic_047,arithmetic,exact,59849,Compute (472 + 145) * 97.  Solve this problem step-by-step using Python code or mathematical reasoning. Your final answer should be enclosed in \boxed{}.
48,lila_arithmetic_048,arithmetic,exact,62370,Compute (482 + 148) * 99.  Solve this problem step-by-step using Python code or mathematical reasoning. Your final answer should be enclosed in \boxed{}.
49,lila_arithmetic_049,arithmetic,exact,64943,Compute (492 + 151) * 101.  Solve this problem step-by-step using Python code or mathematical reasoning. Your final answer should be enclosed in \boxed{}.
50,lila_arithmetic_050,arithmetic,exact,67568,Compute (502 + 154) * 103.  Solve this problem step-by-step using Python code or mathematical reasoning. Your final answer should be enclosed in \boxed{}.
51,lila_algebra_001,algebra,math_symbolic,\boxed{4*x},Simplify the algebraic expression (x + 1)^2 - (x - 1)^2.  Solve this problem step-by-step using Python code or mathematical reasoning. Your final answer should be enclosed in \boxed{}.
52,lila_algebra_002,algebra,math_symbolic,\boxed{8*x},Simplify the algebraic expression (x + 2)^2 - (x - 2)^2.  Solve this problem step-by-step using Python code or mathematical reasoning. Your final answer should be enclosed in \boxed{}.
53,lila_algebra_003,algebra,math_symbolic,\boxed{12*x},Simplify the algebraic expression (x + 3)^2 - (x - 3)^2.  Solve this problem step-by-step using Python code or mathematical reasoning. Your final answer should be enclosed in \boxed{}.
54,lila_algebra_004,algebra,math_symbolic,\boxed{16*x},Simplify the algebraic expression (x + 4)^2 - (x - 4)^2.  Solve this problem step-by-step using Python code or mathematical reasoning. Your final answer should be enclosed in \boxed{}.
55,lila_algebra_005,algebra,math_symbolic,\boxed{20*x},Simplify the algebraic expression (x + 5)^2 - (x - 5)^2.  Solve this problem step-by-step using Python code or mathematical reasoning. Your final answer should be enclosed in \boxed{}.
56,lila_algebra_006,algebra,math_symbolic,\boxed{24*x},Simplify the algebraic expression (x + 6)^2 - (x - 6)^2.  Solve this problem step-by-step using Python code or mathematical reasoning. Your final answer should be enclosed in \boxed{}.
57,lila_algebra_007,algebra,math_symbolic,\boxed{28*x},Simplify the algebraic expression (x + 7)^2 - (x - 7)^2.  Solve this problem step-by-step using Python code or mathematical reasoning. Your final answer should be enclosed in \boxed{}.
58,lila_algebra_008,algebra,math_symbolic,\boxed{32*x},Simplify the algebraic expression (x + 8)^2 - (x - 8)^2.  Solve this problem step-by-step using Python code or mathematical reasoning. Your final answer should be enclosed in \boxed{}.
59,lila_algebra_009,algebra,math_symbolic,\boxed{36*x},Simplify the algebraic expression (x + 9)^2 - (x - 9)^2.  Solve this problem step-by-step using Python code or mathematical reasoning. Your final answer should be enclosed in \boxed{}.
60,lila_algebra_010,algebra,math_symbolic,\boxed{40*x},Simplify the algebraic expression (x + 10)^2 - (x - 10)^2.  Solve this problem step-by-step using Python code or mathematical reasoning. Your final answer should be enclosed in \boxed{}.
61,lila_algebra_011,algebra,math_symbolic,\boxed{44*x},Simplify the algebraic expression (x + 11)^2 - (x - 11)^2.  Solve this problem step-by-step using Python code or mathematical reasoning. Your final answer should be enclosed in \boxed{}.
62,lila_algebra_012,algebra,math_symbolic,\boxed{48*x},Simplify the algebraic expression (x + 12)^2 - (x - 12)^2.  Solve this problem step-by-step using Python code or mathematical reasoning. Your final answer should be enclosed in \boxed{}.
63,lila_algebra_013,algebra,math_symbolic,\boxed{52*x},Simplify the algebraic expression (x + 13)^2 - (x - 13)^2.  Solve this problem step-by-step using Python code or mathematical reasoning. Your final answer should be enclosed in \boxed{}.
64,lila_algebra_014,algebra,math_symbolic,\boxed{56*x},Simplify the algebraic expression (x + 14)^2 - (x - 14)^2.  Solve this problem step-by-step using Python code or mathematical reasoning. Your final answer should be enclosed in \boxed{}.
65,lila_algebra_015,algebra,math_symbolic,\boxed{60*x},Simplify the algebraic expression (x + 15)^2 - (x - 15)^2.  Solve this problem step-by-step using Python code or mathematical reasoning. Your final answer should be enclosed in \boxed{}.
66,lila_algebra_016,algebra,math_symbolic,\boxed{64*x},Simplify the algebraic expression (x + 16)^2 - (x - 16)^2.  Solve this problem step-by-step using Python code or mathematical reasoning. Your final answer should be enclosed in \boxed{}.
67,lila_algebra_017,algebra,math_symbolic,\boxed{68*x},Simplify the algebraic expression (x + 17)^2 - (x - 17)^2.  Solve this problem step-by-step using Python code or mathematical reasoning. Your final answer should be enclosed in \boxed{}.
68,lila_algebra_018,algebra,math_symbolic,\boxed{72*x},Simplify the algebraic expression (x + 18)^2 - (x - 18)^2.  Solve this problem step-by-step using Python code or mathematical reasoning. Your final answer should be enclosed in \boxed{}.
69,lila_algebra_019,algebra,math_symbolic,\boxed{76*x},Simplify the algebraic expression (x + 19)^2 - (x - 19)^2.  Solve this problem step-by-step using Python code or mathematical reasoning. Your final answer should be enclosed in \boxed{}.
70,lila_algebra_020,algebra,math_symbolic,\boxed{80*x},Simplify the algebraic expression (x + 20)^2 - (x - 20)^2.  Solve this problem step-by-step using Python code or mathematical reasoning. Your final answer should be enclosed in \boxed{}.
71,lila_algebra_021,algebra,math_symbolic,\boxed{84*x},Simplify the algebraic expression (x + 21)^2 - (x - 21)^2.  Solve this problem step-by-step using Python code or mathematical reasoning. Your final answer should be enclosed in \boxed{}.
72,lila_algebra_022,algebra,math_symbolic,\boxed{88*x},Simplify the algebraic expression (x + 22)^2 - (x - 22)^2.  Solve this problem step-by-step using Python code or mathematical reasoning. Your final answer should be enclosed in \boxed{}.
73,lila_algebra_023,algebra,math_symbolic,\boxed{92*x},Simplify the algebraic expression (x + 23)^2 - (x - 23)^2.  Solve this problem step-by-step using Python code or mathematical reasoning. Your final answer should be enclosed in \boxed{}.
74,lila_algebra_024,algebra,math_symbolic,\boxed{96*x},Simplify the algebraic expression (x + 24)^2 - (x - 24)^2.  Solve this problem step-by-step using Python code or mathematical reasoning. Your final answer should be enclosed in \boxed{}.
75,lila_algebra_025,algebra,math_symbolic,\boxed{100*x},Simplify the algebraic expression (x + 25)^2 - (x - 25)^2.  Solve this problem step-by-step using Python code or mathematical reasoning. Your final answer should be enclosed in \boxed{}.
76,lila_algebra_026,algebra,math_symbolic,\boxed{104*x},Simplify the algebraic expression (x + 26)^2 - (x - 26)^2.  Solve this problem step-by-step using Python code or mathematical reasoning. Your final answer should be enclosed in \boxed{}.
77,lila_algebra_027,algebra,math_symbolic,\boxed{108*x},Simplify the algebraic expression (x + 27)^2 - (x - 27)^2.  Solve this problem step-by-step using Python code or mathematical reasoning. Your final answer should be enclosed in \boxed{}.
78,lila_algebra_028,algebra,math_symbolic,\boxed{112*x},Simplify the algebraic expression (x + 28)^2 - (x - 28)^2.  Solve this problem step-by-step using Python code or mathematical reasoning. Your final answer should be enclosed in \boxed{}.
79,lila_algebra_029,algebra,math_symbolic,\boxed{116*x},Simplify the algebraic expression (x + 29)^2 - (x - 29)^2.  Solve this problem step-by-step using Python code or mathematical reasoning. Your final answer should be enclosed in \boxed{}.
80,lila_algebra_030,algebra,math_symbolic,\boxed{120*x},Simplify the algebraic expression (x + 30)^2 - (x - 30)^2.  Solve this problem step-by-step using Python code or mathematical reasoning. Your final answer should be enclosed in \boxed{}.
81,lila_algebra_031,algebra,math_symbolic,\boxed{124*x},Simplify the algebraic expression (x + 31)^2 - (x - 31)^2.  Solve this problem step-by-step using Python code or mathematical reasoning. Your final answer should be enclosed in \boxed{}.
82,lila_algebra_032,algebra,math_symbolic,\boxed{128*x},Simplify the algebraic expression (x + 32)^2 - (x - 32)^2.  Solve this problem step-by-step using Python code or mathematical reasoning. Your final answer should be enclosed in \boxed{}.
83,lila_algebra_033,algebra,math_symbolic,\boxed{132*x},Simplify the algebraic expression (x + 33)^2 - (x - 33)^2.  Solve this problem step-by-step using Python code or mathematical reasoning. Your final answer should be enclosed in \boxed{}.
84,lila_algebra_034,algebra,math_symbolic,\boxed{136*x},Simplify the algebraic expression (x + 34)^2 - (x - 34)^2.  Solve this problem step-by-step using Python code or mathematical reasoning. Your final answer should be enclosed in \boxed{}.
85,lila_algebra_035,algebra,math_symbolic,\boxed{140*x},Simplify the algebraic expression (x + 35)^2 - (x - 35)^2.  Solve this problem step-by-step using Python code or mathematical reasoning. Your final answer should be enclosed in \boxed{}.
86,lila_algebra_036,algebra,math_symbolic,\boxed{144*x},Simplify the algebraic expression (x + 36)^2 - (x - 36)^2.  Solve this problem step-by-step using Python code or mathematical reasoning. Your final answer should be enclosed in \boxed{}.
87,lila_algebra_037,algebra,math_symbolic,\boxed{148*x},Simplify the algebraic expression (x + 37)^2 - (x - 37)^2.  Solve this problem step-by-step using Python code or mathematical reasoning. Your final answer should be enclosed in \boxed{}.
88,lila_algebra_038,algebra,math_symbolic,\boxed{152*x},Simplify the algebraic expression (x + 38)^2 - (x - 38)^2.  Solve this problem step-by-step using Python code or mathematical reasoning. Your final answer should be enclosed in \boxed{}.
89,lila_algebra_039,algebra,math_symbolic,\boxed{156*x},Simplify the algebraic expression (x + 39)^2 - (x - 39)^2.  Solve this problem step-by-step using Python code or mathematical reasoning. Your final answer should be enclosed in \boxed{}.
90,lila_algebra_040,algebra,math_symbolic,\boxed{160*x},Simplify the algebraic expression (x + 40)^2 - (x - 40)^2.  Solve this problem step-by-step using Python code or mathematical reasoning. Your final answer should be enclosed in \boxed{}.
91,lila_algebra_041,algebra,math_symbolic,\boxed{164*x},Simplify the algebraic expression (x + 41)^2 - (x - 41)^2.  Solve this problem step-by-step using Python code or mathematical reasoning. Your final answer should be enclosed in \boxed{}.
92,lila_algebra_042,algebra,math_symbolic,\boxed{168*x},Simplify the algebraic expression (x + 42)^2 - (x - 42)^2.  Solve this problem step-by-step using Python code or mathematical reasoning. Your final answer should be enclosed in \boxed{}.
93,lila_algebra_043,algebra,math_symbolic,\boxed{172*x},Simplify the algebraic expression (x + 43)^2 - (x - 43)^2.  Solve this problem step-by-step using Python code or mathematical reasoning. Your final answer should be enclosed in \boxed{}.
94,lila_algebra_044,algebra,math_symbolic,\boxed{176*x},Simplify the algebraic expression (x + 44)^2 - (x - 44)^2.  Solve this problem step-by-step using Python code or mathematical reasoning. Your final answer should be enclosed in \boxed{}.
95,lila_algebra_045,algebra,math_symbolic,\boxed{180*x},Simplify the algebraic expression (x + 45)^2 - (x - 45)^2.  Solve this problem step-by-step using Python code or mathematical reasoning. Your final answer should be enclosed in \boxed{}.
96,lila_algebra_046,algebra,math_symbolic,\boxed{184*x},Simplify the algebraic expression (x + 46)^2 - (x - 46)^2.  Solve this problem step-by-step using Python code or mathematical reasoning. Your final answer should be enclosed in \boxed{}.
97,lila_algebra_047,algebra,math_symbolic,\boxed{188*x},Simplify the algebraic expression (x + 47)^2 - (x - 47)^2.  Solve this problem step-by-step using Python code or mathematical reasoning. Your final answer should be enclosed in \boxed{}.
98,lila_algebra_048,algebra,math_symbolic,\boxed{192*x},Simplify the algebraic expression (x + 48)^2 - (x - 48)^2.  Solve this problem step-by-step using Python code or mathematical reasoning. Your final answer should be enclosed in \boxed{}.
99,lila_algebra_049,algebra,math_symbolic,\boxed{196*x},Simplify the algebraic expression (x + 49)^2 - (x - 49)^2.  Solve this problem step-by-step using Python code or mathematical reasoning. Your final answer should be enclosed in \boxed{}.
100,lila_algebra_050,algebra,math_symbolic,\boxed{200*x},Simplify the algebraic expression (x + 50)^2 - (x - 50)^2.  Solve this problem step-by-step using Python code or mathematical reasoning. Your final answer should be enclosed in \boxed{}.
101,lila_calculus_001,calculus,math_symbolic,\boxed{2},Compute the derivative of f(x) = 1*x^2 at x = 1.  Solve this problem step-by-step using Python code or mathematical reasoning. Your final answer should be enclosed in \boxed{}.
102,lila_calculus_002,calculus,math_symbolic,\boxed{6},Compute the derivative of f(x) = 2*x^3 at x = 1.  Solve this problem step-by-step using Python code or mathematical reasoning. Your final answer should be enclosed in \boxed{}.
103,lila_calculus_003,calculus,math_symbolic,\boxed{12},Compute the derivative of f(x) = 3*x^4 at x = 1.  Solve this problem step-by-step using Python code or mathematical reasoning. Your final answer should be enclosed in \boxed{}.
104,lila_calculus_004,calculus,math_symbolic,\boxed{20},Compute the derivative of f(x) = 4*x^5 at x = 1.  Solve this problem step-by-step using Python code or mathematical reasoning. Your final answer should be enclosed in \boxed{}.
105,lila_calculus_005,calculus,math_symbolic,\boxed{30},Compute the derivative of f(x) = 5*x^6 at x = 1.  Solve this problem step-by-step using Python code or mathematical reasoning. Your final answer should be enclosed in \boxed{}.
106,lila_calculus_006,calculus,math_symbolic,\boxed{42},Compute the derivative of f(x) = 6*x^7 at x = 1.  Solve this problem step-by-step using Python code or mathematical reasoning. Your final answer should be enclosed in \boxed{}.
107,lila_calculus_007,calculus,math_symbolic,\boxed{56},Compute the derivative of f(x) = 7*x^8 at x = 1.  Solve this problem step-by-step using Python code or mathematical reasoning. Your final answer should be enclosed in \boxed{}.
108,lila_calculus_008,calculus,math_symbolic,\boxed{72},Compute the derivative of f(x) = 8*x^9 at x = 1.  Solve this problem step-by-step using Python code or mathematical reasoning. Your final answer should be enclosed in \boxed{}.
109,lila_calculus_009,calculus,math_symbolic,\boxed{90},Compute the derivative of f(x) = 9*x^10 at x = 1.  Solve this problem step-by-step using Python code or mathematical reasoning. Your final answer should be enclosed in \boxed{}.
110,lila_calculus_010,calculus,math_symbolic,\boxed{110},Compute the derivative of f(x) = 10*x^11 at x = 1.  Solve this problem step-by-step using Python code or mathematical reasoning. Your final answer should be enclosed in \boxed{}.
111,lila_calculus_011,calculus,math_symbolic,\boxed{132},Compute the derivative of f(x) = 11*x^12 at x = 1.  Solve this problem step-by-step using Python code or mathematical reasoning. Your final answer should be enclosed in \boxed{}.
112,lila_calculus_012,calculus,math_symbolic,\boxed{156},Compute the derivative of f(x) = 12*x^13 at x = 1.  Solve this problem step-by-step using Python code or mathematical reasoning. Your final answer should be enclosed in \boxed{}.
113,lila_calculus_013,calculus,math_symbolic,\boxed{182},Compute the derivative of f(x) = 13*x^14 at x = 1.  Solve this problem step-by-step using Python code or mathematical reasoning. Your final answer should be enclosed in \boxed{}.
114,lila_calculus_014,calculus,math_symbolic,\boxed{210},Compute the derivative of f(x) = 14*x^15 at x = 1.  Solve this problem step-by-step using Python code or mathematical reasoning. Your final answer should be enclosed in \boxed{}.
115,lila_calculus_015,calculus,math_symbolic,\boxed{240},Compute the derivative of f(x) = 15*x^16 at x = 1.  Solve this problem step-by-step using Python code or mathematical reasoning. Your final answer should be enclosed in \boxed{}.
116,lila_calculus_016,calculus,math_symbolic,\boxed{272},Compute the derivative of f(x) = 16*x^17 at x = 1.  Solve this problem step-by-step using Python code or mathematical reasoning. Your final answer should be enclosed in \boxed{}.
117,lila_calculus_017,calculus,math_symbolic,\boxed{306},Compute the derivative of f(x) = 17*x^18 at x = 1.  Solve this problem step-by-step using Python code or mathematical reasoning. Your final answer should be enclosed in \boxed{}.
118,lila_calculus_018,calculus,math_symbolic,\boxed{342},Compute the derivative of f(x) = 18*x^19 at x = 1.  Solve this problem step-by-step using Python code or mathematical reasoning. Your final answer should be enclosed in \boxed{}.
119,lila_calculus_019,calculus,math_symbolic,\boxed{380},Compute the derivative of f(x) = 19*x^20 at x = 1.  Solve this problem step-by-step using Python code or mathematical reasoning. Your final answer should be enclosed in \boxed{}.
120,lila_calculus_020,calculus,math_symbolic,\boxed{420},Compute the derivative of f(x) = 20*x^21 at x = 1.  Solve this problem step-by-step using Python code or mathematical reasoning. Your final answer should be enclosed in \boxed{}.
121,lila_calculus_021,calculus,math_symbolic,\boxed{462},Compute the derivative of f(x) = 21*x^22 at x = 1.  Solve this problem step-by-step using Python code or mathematical reasoning. Your final answer should be enclosed in \boxed{}.
122,lila_calculus_022,calculus,math_symbolic,\boxed{506},Compute the derivative of f(x) = 22*x^23 at x = 1.  Solve this problem step-by-step using Python code or mathematical reasoning. Your final answer should be enclosed in \boxed{}.
123,lila_calculus_023,calculus,math_symbolic,\boxed{552},Compute the derivative of f(x) = 23*x^24 at x = 1.  Solve this problem step-by-step using Python code or mathematical reasoning. Your final answer should be enclosed in \boxed{}.
124,lila_calculus_024,calculus,math_symbolic,\boxed{600},Compute the derivative of f(x) = 24*x^25 at x = 1.  Solve this problem step-by-step using Python code or mathematical reasoning. Your final answer should be enclosed in \boxed{}.
125,lila_calculus_025,calculus,math_symbolic,\boxed{650},Compute the derivative of f(x) = 25*x^26 at x = 1.  Solve this problem step-by-step using Python code or mathematical reasoning. Your final answer should be enclosed in \boxed{}.
126,lila_calculus_026,calculus,math_symbolic,\boxed{702},Compute the derivative of f(x) = 26*x^27 at x = 1.  Solve this problem step-by-step using Python code or mathematical reasoning. Your final answer should be enclosed in \boxed{}.
127,lila_calculus_027,calculus,math_symbolic,\boxed{756},Compute the derivative of f(x) = 27*x^28 at x = 1.  Solve this problem step-by-step using Python code or mathematical reasoning. Your final answer should be enclosed in \boxed{}.
128,lila_calculus_028,calculus,math_symbolic,\boxed{812},Compute the derivative of f(x) = 28*x^29 at x = 1.  Solve this problem step-by-step using Python code or mathematical reasoning. Your final answer should be enclosed in \boxed{}.
129,lila_calculus_029,calculus,math_symbolic,\boxed{870},Compute the derivative of f(x) = 29*x^30 at x = 1.  Solve this problem step-by-step using Python code or mathematical reasoning. Your final answer should be enclosed in \boxed{}.
130,lila_calculus_030,calculus,math_symbolic,\boxed{930},Compute the derivative of f(x) = 30*x^31 at x = 1.  Solve this problem step-by-step using Python code or mathematical reasoning. Your final answer should be enclosed in \boxed{}.
131,lila_calculus_031,calculus,math_symbolic,\boxed{992},Compute the derivative of f(x) = 31*x^32 at x = 1.  Solve this problem step-by-step using Python code or mathematical reasoning. Your final answer should be enclosed in \boxed{}.
132,lila_calculus_032,calculus,math_symbolic,\boxed{1056},Compute the derivative of f(x) = 32*x^33 at x = 1.  Solve this problem step-by-step using Python code or mathematical reasoning. Your final answer should be enclosed in \boxed{}.
133,lila_calculus_033,calculus,math_symbolic,\boxed{1122},Compute the derivative of f(x) = 33*x^34 at x = 1.  Solve this problem step-by-step using Python code or mathematical reasoning. Your final answer should be enclosed in \boxed{}.
134,lila_calculus_034,calculus,math_symbolic,\boxed{1190},Compute the derivative of f(x) = 34*x^35 at x = 1.  Solve this problem step-by-step using Python code or mathematical reasoning. Your final answer should be enclosed in \boxed{}.
135,lila_calculus_035,calculus,math_symbolic,\boxed{1260},Compute the derivative of f(x) = 35*x^36 at x = 1.  Solve this problem step-by-step using Python code or mathematical reasoning. Your final answer should be enclosed in \boxed{}.
136,lila_calculus_036,calculus,math_symbolic,\boxed{1332},Compute the derivative of f(x) = 36*x^37 at x = 1.  Solve this problem step-by-step using Python code or mathematical reasoning. Your final answer should be enclosed in \boxed{}.
137,lila_calculus_037,calculus,math_symbolic,\boxed{1406},Compute the derivative of f(x) = 37*x^38 at x = 1.  Solve this problem step-by-step using Python code or mathematical reasoning. Your final answer should be enclosed in \boxed{}.
138,lila_calculus_038,calculus,math_symbolic,\boxed{1482},Compute the derivative of f(x) = 38*x^39 at x = 1.  Solve this problem step-by-step using Python code or mathematical reasoning. Your final answer should be enclosed in \boxed{}.
139,lila_calculus_039,calculus,math_symbolic,\boxed{1560},Compute the derivative of f(x) = 39*x^40 at x = 1.  Solve this problem step-by-step using Python code or mathematical reasoning. Your final answer should be enclosed in \boxed{}.
140,lila_calculus_040,calculus,math_symbolic,\boxed{1640},Compute the derivative of f(x) = 40*x^41 at x = 1.  Solve this problem step-by-step using Python code or mathematical reasoning. Your final answer should be enclosed in \boxed{}.
141,lila_calculus_041,calculus,math_symbolic,\boxed{1722},Compute the derivative of f(x) = 41*x^42 at x = 1.  Solve this problem step-by-step using Python code or mathematical reasoning. Your final answer should be enclosed in \boxed{}.
142,lila_calculus_042,calculus,math_symbolic,\boxed{1806},Compute the derivative of f(x) = 42*x^43 at x = 1.  Solve this problem step-by-step using Python code or mathematical reasoning. Your final answer should be enclosed in \boxed{}.
143,lila_calculus_043,calculus,math_symbolic,\boxed{1892},Compute the derivative of f(x) = 43*x^44 at x = 1.  Solve this problem step-by-step using Python code or mathematical reasoning. Your final answer should be enclosed in \boxed{}.
144,lila_calculus_044,calculus,math_symbolic,\boxed{1980},Compute the derivative of f(x) = 44*x^45 at x = 1.  Solve this problem step-by-step using Python code or mathematical reasoning. Your final answer should be enclosed in \boxed{}.
145,lila_calculus_045,calculus,math_symbolic,\boxed{2070},Compute the derivative of f(x) = 45*x^46 at x = 1.  Solve this problem step-by-step using Python code or mathematical reasoning. Your final answer should be enclosed in \boxed{}.
146,lila_calculus_046,calculus,math_symbolic,\boxed{2162},Compute the derivative of f(x) = 46*x^47 at x = 1.  Solve this problem step-by-step using Python code or mathematical reasoning. Your final answer should be enclosed in \boxed{}.
147,lila_calculus_047,calculus,math_symbolic,\boxed{2256},Compute the derivative of f(x) = 47*x^48 at x = 1.  Solve this problem step-by-step using Python code or mathematical reasoning. Your final answer should be enclosed in \boxed{}.
148,lila_calculus_048,calculus,math_symbolic,\boxed{2352},Compute the derivative of f(x) = 48*x^49 at x = 1.  Solve this problem step-by-step using Python code or mathematical reasoning. Your final answer should be enclosed in \boxed{}.
149,lila_calculus_049,calculus,math_symbolic,\boxed{2450},Compute the derivative of f(x) = 49*x^50 at x = 1.  Solve this problem step-by-step using Python code or mathematical reasoning. Your final answer should be enclosed in \boxed{}.
150,lila_calculus_050,calculus,math_symbolic,\boxed{2550},Compute the derivative of f(x) = 50*x^51 at x = 1.  Solve this problem step-by-step using Python code or mathematical reasoning. Your final answer should be enclosed in \boxed{}.
151,lila_geometry_001,geometry,float_tol,5.0,Find the hypotenuse of a right triangle with legs 3 and 4.  Solve this problem step-by-step using Python code or mathematical reasoning. Your final answer should be enclosed in \boxed{}.
152,lila_geometry_002,geometry,float_tol,10.0,Find the hypotenuse of a right triangle with legs 6 and 8.  Solve this problem step-by-step using Python code or mathematical reasoning. Your final answer should be enclosed in \boxed{}.
153,lila_geometry_003,geometry,float_tol,15.0,Find the hypotenuse of a right triangle with legs 9 and 12.  Solve this problem step-by-step using Python code or mathematical reasoning. Your final answer should be enclosed in \boxed{}.
154,lila_geometry_004,geometry,float_tol,20.0,Find the hypotenuse of a right triangle with legs 12 and 16.  Solve this problem step-by-step using Python code or mathematical reasoning. Your final answer should be enclosed in \boxed{}.
155,lila_geometry_005,geometry,float_tol,25.0,Find the hypotenuse of a right triangle with legs 15 and 20.  Solve this problem step-by-step using Python code or mathematical reasoning. Your final answer should be enclosed in \boxed{}.
156,lila_geometry_006,geometry,float_tol,30.0,Find the hypotenuse of a right triangle with legs 18 and 24.  Solve this problem step-by-step using Python code or mathematical reasoning. Your final answer should be enclosed in \boxed{}.
157,lila_geometry_007,geometry,float_tol,35.0,Find the hypotenuse of a right triangle with legs 21 and 28.  Solve this problem step-by-step using Python code or mathematical reasoning. Your final answer should be enclosed in \boxed{}.
158,lila_geometry_008,geometry,float_tol,40.0,Find the hypotenuse of a right triangle with legs 24 and 32.  Solve this problem step-by-step using Python code or mathematical reasoning. Your final answer should be enclosed in \boxed{}.
159,lila_geometry_009,geometry,float_tol,45.0,Find the hypotenuse of a right triangle with legs 27 and 36.  Solve this problem step-by-step using Python code or mathematical reasoning. Your final answer should be enclosed in \boxed{}.
160,lila_geometry_010,geometry,float_tol,50.0,Find the hypotenuse of a right triangle with legs 30 and 40.  Solve this problem step-by-step using Python code or mathematical reasoning. Your final answer should be enclosed in \boxed{}.
161,lila_geometry_011,geometry,float_tol,55.0,Find the hypotenuse of a right triangle with legs 33 and 44.  Solve this problem step-by-step using Python code or mathematical reasoning. Your final answer should be enclosed in \boxed{}.
162,lila_geometry_012,geometry,float_tol,60.0,Find the hypotenuse of a right triangle with legs 36 and 48.  Solve this problem step-by-step using Python code or mathematical reasoning. Your final answer should be enclosed in \boxed{}.
163,lila_geometry_013,geometry,float_tol,65.0,Find the hypotenuse of a right triangle with legs 39 and 52.  Solve this problem step-by-step using Python code or mathematical reasoning. Your final answer should be enclosed in \boxed{}.
164,lila_geometry_014,geometry,float_tol,70.0,Find the hypotenuse of a right triangle with legs 42 and 56.  Solve this problem step-by-step using Python code or mathematical reasoning. Your final answer should be enclosed in \boxed{}.
165,lila_geometry_015,geometry,float_tol,75.0,Find the hypotenuse of a right triangle with legs 45 and 60.  Solve this problem step-by-step using Python code or mathematical reasoning. Your final answer should be enclosed in \boxed{}.
166,lila_geometry_016,geometry,float_tol,80.0,Find the hypotenuse of a right triangle with legs 48 and 64.  Solve this problem step-by-step using Python code or mathematical reasoning. Your final answer should be enclosed in \boxed{}.
167,lila_geometry_017,geometry,float_tol,85.0,Find the hypotenuse of a right triangle with legs 51 and 68.  Solve this problem step-by-step using Python code or mathematical reasoning. Your final answer should be enclosed in \boxed{}.
168,lila_geometry_018,geometry,float_tol,90.0,Find the hypotenuse of a right triangle with legs 54 and 72.  Solve this problem step-by-step using Python code or mathematical reasoning. Your final answer should be enclosed in \boxed{}.
169,lila_geometry_019,geometry,float_tol,95.0,Find the hypotenuse of a right triangle with legs 57 and 76.  Solve this problem step-by-step using Python code or mathematical reasoning. Your final answer should be enclosed in \boxed{}.
170,lila_geometry_020,geometry,float_tol,100.0,Find the hypotenuse of a right triangle with legs 60 and 80.  Solve this problem step-by-step using Python code or mathematical reasoning. Your final answer should be enclosed in \boxed{}.
171,lila_geometry_021,geometry,float_tol,105.0,Find the hypotenuse of a right triangle with legs 63 and 84.  Solve this problem step-by-step using Python code or mathematical reasoning. Your final answer should be enclosed in \boxed{}.
172,lila_geometry_022,geometry,float_tol,110.0,Find the hypotenuse of a right triangle with legs 66 and 88.  Solve this problem step-by-step using Python code or mathematical reasoning. Your final answer should be enclosed in \boxed{}.
173,lila_geometry_023,geometry,float_tol,115.0,Find the hypotenuse of a right triangle with legs 69 and 92.  Solve this problem step-by-step using Python code or mathematical reasoning. Your final answer should be enclosed in \boxed{}.
174,lila_geometry_024,geometry,float_tol,120.0,Find the hypotenuse of a right triangle with legs 72 and 96.  Solve this problem step-by-step using Python code or mathematical reasoning. Your final answer should be enclosed in \boxed{}.
175,lila_geometry_025,geometry,float_tol,125.0,Find the hypotenuse of a right triangle with legs 75 and 100.  Solve this problem step-by-step using Python code or mathematical reasoning. Your final answer should be enclosed in \boxed{}.
176,lila_geometry_026,geometry,float_tol,130.0,Find the hypotenuse of a right triangle with legs 78 and 104.  Solve this problem step-by-step using Python code or mathematical reasoning. Your final answer should be enclosed in \boxed{}.
177,lila_geometry_027,geometry,float_tol,135.0,Find the hypotenuse of a right triangle with legs 81 and 108.  Solve this problem step-by-step using Python code or mathematical reasoning. Your final answer should be enclosed in \boxed{}.
178,lila_geometry_028,geometry,float_tol,140.0,Find the hypotenuse of a right triangle with legs 84 and 112.  Solve this problem step-by-step using Python code or mathematical reasoning. Your final answer should be enclosed in \boxed{}.
179,lila_geometry_029,geometry,float_tol,145.0,Find the hypotenuse of a right triangle with legs 87 and 116.  Solve this problem step-by-step using Python code or mathematical reasoning. Your final answer should be enclosed in \boxed{}.
180,lila_geometry_030,geometry,float_tol,150.0,Find the hypotenuse of a right triangle with legs 90 and 120.  Solve this problem step-by-step using Python code or mathematical reasoning. Your final answer should be enclosed in \boxed{}.
181,lila_geometry_031,geometry,float_tol,155.0,Find the hypotenuse of a right triangle with legs 93 and 124.  Solve this problem step-by-step using Python code or mathematical reasoning. Your final answer should be enclosed in \boxed{}.
182,lila_geometry_032,geometry,float_tol,160.0,Find the hypotenuse of a right triangle with legs 96 and 128.  Solve this problem step-by-step using Python code or mathematical reasoning. Your final answer should be enclosed in \boxed{}.
183,lila_geometry_033,geometry,float_tol,165.0,Find the hypotenuse of a right triangle with legs 99 and 132.  Solve this problem step-by-step using Python code or mathematical reasoning. Your final answer should be enclosed in \boxed{}.
184,lila_geometry_034,geometry,float_tol,170.0,Find the hypotenuse of a right triangle with legs 102 and 136.  Solve this problem step-by-step using Python code or mathematical reasoning. Your final answer should be enclosed in \boxed{}.
185,lila_geometry_035,geometry,float_tol,175.0,Find the hypotenuse of a right triangle with legs 105 and 140.  Solve this problem step-by-step using Python code or mathematical reasoning. Your final answer should be enclosed in \boxed{}.
186,lila_geometry_036,geometry,float_tol,180.0,Find the hypotenuse of a right triangle with legs 108 and 144.  Solve this problem step-by-step using Python code or mathematical reasoning. Your final answer should be enclosed in \boxed{}.
187,lila_geometry_037,geometry,float_tol,185.0,Find the hypotenuse of a right triangle with legs 111 and 148.  Solve this problem step-by-step using Python code or mathematical reasoning. Your final answer should be enclosed in \boxed{}.
188,lila_geometry_038,geometry,float_tol,190.0,Find the hypotenuse of a right triangle with legs 114 and 152.  Solve this problem step-by-step using Python code or mathematical reasoning. Your final answer should be enclosed in \boxed{}.
189,lila_geometry_039,geometry,float_tol,195.0,Find the hypotenuse of a right triangle with legs 117 and 156.  Solve this problem step-by-step using Python code or mathematical reasoning. Your final answer should be enclosed in \boxed{}.
190,lila_geometry_040,geometry,float_tol,200.0,Find the hypotenuse of a right triangle with legs 120 and 160.  Solve this problem step-by-step using Python code or mathematical reasoning. Your final answer should be enclosed in \boxed{}.
191,lila_geometry_041,geometry,float_tol,205.0,Find the hypotenuse of a right triangle with legs 123 and 164.  Solve this problem step-by-step using Python code or mathematical reasoning. Your final answer should be enclosed in \boxed{}.
192,lila_geometry_042,geometry,float_tol,210.0,Find the hypotenuse of a right triangle with legs 126 and 168.  Solve this problem step-by-step using Python code or mathematical reasoning. Your final answer should be enclosed in \boxed{}.
193,lila_geometry_043,geometry,float_tol,215.0,Find the hypotenuse of a right triangle with legs 129 and 172.  Solve this problem step-by-step using Python code or mathematical reasoning. Your final answer should be enclosed in \boxed{}.
194,lila_geometry_044,geometry,float_tol,220.0,Find the hypotenuse of a right triangle with legs 132 and 176.  Solve this problem step-by-step using Python code or mathematical reasoning. Your final answer should be enclosed in \boxed{}.
195,lila_geometry_045,geometry,float_tol,225.0,Find the hypotenuse of a right triangle with legs 135 and 180.  Solve this problem step-by-step using Python code or mathematical reasoning. Your final answer should be enclosed in \boxed{}.
196,lila_geometry_046,geometry,float_tol,230.0,Find the hypotenuse of a right triangle with legs 138 and 184.  Solve this problem step-by-step using Python code or mathematical reasoning. Your final answer should be enclosed in \boxed{}.
197,lila_geometry_047,geometry,float_tol,235.0,Find the hypotenuse of a right triangle with legs 141 and 188.  Solve this problem step-by-step using Python code or mathematical reasoning. Your final answer should be enclosed in \boxed{}.
198,lila_geometry_048,geometry,float_tol,240.0,Find the hypotenuse of a right triangle with legs 144 and 192.  Solve this problem step-by-step using Python code or mathematical reasoning. Your final answer should be enclosed in \boxed{}.
199,lila_geometry_049,geometry,float_tol,245.0,Find the hypotenuse of a right triangle with legs 147 and 196.  Solve this problem step-by-step using Python code or mathematical reasoning. Your final answer should be enclosed in \boxed{}.
200,lila_geometry_050,geometry,float_tol,250.0,Find the hypotenuse of a right triangle with legs 150 and 200.  Solve this problem step-by-step using Python code or mathematical reasoning. Your final answer should be enclosed in \boxed{}.
201,lila_combinatorics_001,combinatorics,set,"{2, 3}",Find the set of prime factors of 6.  Solve this problem step-by-step using Python code or mathematical reasoning. Your final answer should be enclosed in \boxed{}.
202,lila_combinatorics_002,combinatorics,set,"{2, 5}",Find the set of prime factors of 10.  Solve this problem step-by-step using Python code or mathematical reasoning. Your final answer should be enclosed in \boxed{}.
203,lila_combinatorics_003,combinatorics,set,"{2, 7}",Find the set of prime factors of 14.  Solve this problem step-by-step using Python code or mathematical reasoning. Your final answer should be enclosed in \boxed{}.
204,lila_combinatorics_004,combinatorics,set,"{2, 9}",Find the set of prime factors of 18.  Solve this problem step-by-step using Python code or mathematical reasoning. Your final answer should be enclosed in \boxed{}.
205,lila_combinatorics_005,combinatorics,set,"{2, 11}",Find the set of prime factors of 22.  Solve this problem step-by-step using Python code or mathematical reasoning. Your final answer should be enclosed in \boxed{}.
206,lila_combinatorics_006,combinatorics,set,"{2, 13}",Find the set of prime factors of 26.  Solve this problem step-by-step using Python code or mathematical reasoning. Your final answer should be enclosed in \boxed{}.
207,lila_combinatorics_007,combinatorics,set,"{2, 15}",Find the set of prime factors of 30.  Solve this problem step-by-step using Python code or mathematical reasoning. Your final answer should be enclosed in \boxed{}.
208,lila_combinatorics_008,combinatorics,set,"{2, 17}",Find the set of prime factors of 34.  Solve this problem step-by-step using Python code or mathematical reasoning. Your final answer should be enclosed in \boxed{}.
209,lila_combinatorics_009,combinatorics,set,"{2, 19}",Find the set of prime factors of 38.  Solve this problem step-by-step using Python code or mathematical reasoning. Your final answer should be enclosed in \boxed{}.
210,lila_combinatorics_010,combinatorics,set,"{2, 21}",Find the set of prime factors of 42.  Solve this problem step-by-step using Python code or mathematical reasoning. Your final answer should be enclosed in \boxed{}.
211,lila_combinatorics_011,combinatorics,set,"{2, 23}",Find the set of prime factors of 46.  Solve this problem step-by-step using Python code or mathematical reasoning. Your final answer should be enclosed in \boxed{}.
212,lila_combinatorics_012,combinatorics,set,"{2, 25}",Find the set of prime factors of 50.  Solve this problem step-by-step using Python code or mathematical reasoning. Your final answer should be enclosed in \boxed{}.
213,lila_combinatorics_013,combinatorics,set,"{2, 27}",Find the set of prime factors of 54.  Solve this problem step-by-step using Python code or mathematical reasoning. Your final answer should be enclosed in \boxed{}.
214,lila_combinatorics_014,combinatorics,set,"{2, 29}",Find the set of prime factors of 58.  Solve this problem step-by-step using Python code or mathematical reasoning. Your final answer should be enclosed in \boxed{}.
215,lila_combinatorics_015,combinatorics,set,"{2, 31}",Find the set of prime factors of 62.  Solve this problem step-by-step using Python code or mathematical reasoning. Your final answer should be enclosed in \boxed{}.
216,lila_combinatorics_016,combinatorics,set,"{2, 33}",Find the set of prime factors of 66.  Solve this problem step-by-step using Python code or mathematical reasoning. Your final answer should be enclosed in \boxed{}.
217,lila_combinatorics_017,combinatorics,set,"{2, 35}",Find the set of prime factors of 70.  Solve this problem step-by-step using Python code or mathematical reasoning. Your final answer should be enclosed in \boxed{}.
218,lila_combinatorics_018,combinatorics,set,"{2, 37}",Find the set of prime factors of 74.  Solve this problem step-by-step using Python code or mathematical reasoning. Your final answer should be enclosed in \boxed{}.
219,lila_combinatorics_019,combinatorics,set,"{2, 39}",Find the set of prime factors of 78.  Solve this problem step-by-step using Python code or mathematical reasoning. Your final answer should be enclosed in \boxed{}.
220,lila_combinatorics_020,combinatorics,set,"{2, 41}",Find the set of prime factors of 82.  Solve this problem step-by-step using Python code or mathematical reasoning. Your final answer should be enclosed in \boxed{}.
221,lila_combinatorics_021,combinatorics,set,"{2, 43}",Find the set of prime factors of 86.  Solve this problem step-by-step using Python code or mathematical reasoning. Your final answer should be enclosed in \boxed{}.
222,lila_combinatorics_022,combinatorics,set,"{2, 45}",Find the set of prime factors of 90.  Solve this problem step-by-step using Python code or mathematical reasoning. Your final answer should be enclosed in \boxed{}.
223,lila_combinatorics_023,combinatorics,set,"{2, 47}",Find the set of prime factors of 94.  Solve this problem step-by-step using Python code or mathematical reasoning. Your final answer should be enclosed in \boxed{}.
224,lila_combinatorics_024,combinatorics,set,"{2, 49}",Find the set of prime factors of 98.  Solve this problem step-by-step using Python code or mathematical reasoning. Your final answer should be enclosed in \boxed{}.
225,lila_combinatorics_025,combinatorics,set,"{2, 51}",Find the set of prime factors of 102.  Solve this problem step-by-step using Python code or mathematical reasoning. Your final answer should be enclosed in \boxed{}.
226,lila_combinatorics_026,combinatorics,set,"{2, 53}",Find the set of prime factors of 106.  Solve this problem step-by-step using Python code or mathematical reasoning. Your final answer should be enclosed in \boxed{}.
227,lila_combinatorics_027,combinatorics,set,"{2, 55}",Find the set of prime factors of 110.  Solve this problem step-by-step using Python code or mathematical reasoning. Your final answer should be enclosed in \boxed{}.
228,lila_combinatorics_028,combinatorics,set,"{2, 57}",Find the set of prime factors of 114.  Solve this problem step-by-step using Python code or mathematical reasoning. Your final answer should be enclosed in \boxed{}.
229,lila_combinatorics_029,combinatorics,set,"{2, 59}",Find the set of prime factors of 118.  Solve this problem step-by-step using Python code or mathematical reasoning. Your final answer should be enclosed in \boxed{}.
230,lila_combinatorics_030,combinatorics,set,"{2, 61}",Find the set of prime factors of 122.  Solve this problem step-by-step using Python code or mathematical reasoning. Your final answer should be enclosed in \boxed{}.
231,lila_combinatorics_031,combinatorics,set,"{2, 63}",Find the set of prime factors of 126.  Solve this problem step-by-step using Python code or mathematical reasoning. Your final answer should be enclosed in \boxed{}.
232,lila_combinatorics_032,combinatorics,set,"{2, 65}",Find the set of prime factors of 130.  Solve this problem step-by-step using Python code or mathematical reasoning. Your final answer should be enclosed in \boxed{}.
233,lila_combinatorics_033,combinatorics,set,"{2, 67}",Find the set of prime factors of 134.  Solve this problem step-by-step using Python code or mathematical reasoning. Your final answer should be enclosed in \boxed{}.
234,lila_combinatorics_034,combinatorics,set,"{2, 69}",Find the set of prime factors of 138.  Solve this problem step-by-step using Python code or mathematical reasoning. Your final answer should be enclosed in \boxed{}.
235,lila_combinatorics_035,combinatorics,set,"{2, 71}",Find the set of prime factors of 142.  Solve this problem step-by-step using Python code or mathematical reasoning. Your final answer should be enclosed in \boxed{}.
236,lila_combinatorics_036,combinatorics,set,"{2, 73}",Find the set of prime factors of 146.  Solve this problem step-by-step using Python code or mathematical reasoning. Your final answer should be enclosed in \boxed{}.
237,lila_combinatorics_037,combinatorics,set,"{2, 75}",Find the set of prime factors of 150.  Solve this problem step-by-step using Python code or mathematical reasoning. Your final answer should be enclosed in \boxed{}.
238,lila_combinatorics_038,combinatorics,set,"{2, 77}",Find the set of prime factors of 154.  Solve this problem step-by-step using Python code or mathematical reasoning. Your final answer should be enclosed in \boxed{}.
239,lila_combinatorics_039,combinatorics,set,"{2, 79}",Find the set of prime factors of 158.  Solve this problem step-by-step using Python code or mathematical reasoning. Your final answer should be enclosed in \boxed{}.
240,lila_combinatorics_040,combinatorics,set,"{2, 81}",Find the set of prime factors of 162.  Solve this problem step-by-step using Python code or mathematical reasoning. Your final answer should be enclosed in \boxed{}.
241,lila_combinatorics_041,combinatorics,set,"{2, 83}",Find the set of prime factors of 166.  Solve this problem step-by-step using Python code or mathematical reasoning. Your final answer should be enclosed in \boxed{}.
242,lila_combinatorics_042,combinatorics,set,"{2, 85}",Find the set of prime factors of 170.  Solve this problem step-by-step using Python code or mathematical reasoning. Your final answer should be enclosed in \boxed{}.
243,lila_combinatorics_043,combinatorics,set,"{2, 87}",Find the set of prime factors of 174.  Solve this problem step-by-step using Python code or mathematical reasoning. Your final answer should be enclosed in \boxed{}.
244,lila_combinatorics_044,combinatorics,set,"{2, 89}",Find the set of prime factors of 178.  Solve this problem step-by-step using Python code or mathematical reasoning. Your final answer should be enclosed in \boxed{}.
245,lila_combinatorics_045,combinatorics,set,"{2, 91}",Find the set of prime factors of 182.  Solve this problem step-by-step using Python code or mathematical reasoning. Your final answer should be enclosed in \boxed{}.
246,lila_combinatorics_046,combinatorics,set,"{2, 93}",Find the set of prime factors of 186.  Solve this problem step-by-step using Python code or mathematical reasoning. Your final answer should be enclosed in \boxed{}.
247,lila_combinatorics_047,combinatorics,set,"{2, 95}",Find the set of prime factors of 190.  Solve this problem step-by-step using Python code or mathematical reasoning. Your final answer should be enclosed in \boxed{}.
248,lila_combinatorics_048,combinatorics,set,"{2, 97}",Find the set of prime factors of 194.  Solve this problem step-by-step using Python code or mathematical reasoning. Your final answer should be enclosed in \boxed{}.
249,lila_combinatorics_049,combinatorics,set,"{2, 99}",Find the set of prime factors of 198.  Solve this problem step-by-step using Python code or mathematical reasoning. Your final answer should be enclosed in \boxed{}.
250,lila_combinatorics_050,combinatorics,set,"{2, 101}",Find the set of prime factors of 202.  Solve this problem step-by-step using Python code or mathematical reasoning. Your final answer should be enclosed in \boxed{}.
251,lila_physics_001,physics,float_tol,9.0,Calculate the kinetic energy (in Joules) of an object with mass 2 kg moving at velocity 3 m/s.  Solve this problem step-by-step using Python code or mathematical reasoning. Your final answer should be enclosed in \boxed{}.
252,lila_physics_002,physics,float_tol,18.0,Calculate the kinetic energy (in Joules) of an object with mass 4 kg moving at velocity 3 m/s.  Solve this problem step-by-step using Python code or mathematical reasoning. Your final answer should be enclosed in \boxed{}.
253,lila_physics_003,physics,float_tol,27.0,Calculate the kinetic energy (in Joules) of an object with mass 6 kg moving at velocity 3 m/s.  Solve this problem step-by-step using Python code or mathematical reasoning. Your final answer should be enclosed in \boxed{}.
254,lila_physics_004,physics,float_tol,36.0,Calculate the kinetic energy (in Joules) of an object with mass 8 kg moving at velocity 3 m/s.  Solve this problem step-by-step using Python code or mathematical reasoning. Your final answer should be enclosed in \boxed{}.
255,lila_physics_005,physics,float_tol,45.0,Calculate the kinetic energy (in Joules) of an object with mass 10 kg moving at velocity 3 m/s.  Solve this problem step-by-step using Python code or mathematical reasoning. Your final answer should be enclosed in \boxed{}.
256,lila_physics_006,physics,float_tol,54.0,Calculate the kinetic energy (in Joules) of an object with mass 12 kg moving at velocity 3 m/s.  Solve this problem step-by-step using Python code or mathematical reasoning. Your final answer should be enclosed in \boxed{}.
257,lila_physics_007,physics,float_tol,63.0,Calculate the kinetic energy (in Joules) of an object with mass 14 kg moving at velocity 3 m/s.  Solve this problem step-by-step using Python code or mathematical reasoning. Your final answer should be enclosed in \boxed{}.
258,lila_physics_008,physics,float_tol,72.0,Calculate the kinetic energy (in Joules) of an object with mass 16 kg moving at velocity 3 m/s.  Solve this problem step-by-step using Python code or mathematical reasoning. Your final answer should be enclosed in \boxed{}.
259,lila_physics_009,physics,float_tol,81.0,Calculate the kinetic energy (in Joules) of an object with mass 18 kg moving at velocity 3 m/s.  Solve this problem step-by-step using Python code or mathematical reasoning. Your final answer should be enclosed in \boxed{}.
260,lila_physics_010,physics,float_tol,90.0,Calculate the kinetic energy (in Joules) of an object with mass 20 kg moving at velocity 3 m/s.  Solve this problem step-by-step using Python code or mathematical reasoning. Your final answer should be enclosed in \boxed{}.
261,lila_physics_011,physics,float_tol,99.0,Calculate the kinetic energy (in Joules) of an object with mass 22 kg moving at velocity 3 m/s.  Solve this problem step-by-step using Python code or mathematical reasoning. Your final answer should be enclosed in \boxed{}.
262,lila_physics_012,physics,float_tol,108.0,Calculate the kinetic energy (in Joules) of an object with mass 24 kg moving at velocity 3 m/s.  Solve this problem step-by-step using Python code or mathematical reasoning. Your final answer should be enclosed in \boxed{}.
263,lila_physics_013,physics,float_tol,117.0,Calculate the kinetic energy (in Joules) of an object with mass 26 kg moving at velocity 3 m/s.  Solve this problem step-by-step using Python code or mathematical reasoning. Your final answer should be enclosed in \boxed{}.
264,lila_physics_014,physics,float_tol,126.0,Calculate the kinetic energy (in Joules) of an object with mass 28 kg moving at velocity 3 m/s.  Solve this problem step-by-step using Python code or mathematical reasoning. Your final answer should be enclosed in \boxed{}.
265,lila_physics_015,physics,float_tol,135.0,Calculate the kinetic energy (in Joules) of an object with mass 30 kg moving at velocity 3 m/s.  Solve this problem step-by-step using Python code or mathematical reasoning. Your final answer should be enclosed in \boxed{}.
266,lila_physics_016,physics,float_tol,144.0,Calculate the kinetic energy (in Joules) of an object with mass 32 kg moving at velocity 3 m/s.  Solve this problem step-by-step using Python code or mathematical reasoning. Your final answer should be enclosed in \boxed{}.
267,lila_physics_017,physics,float_tol,153.0,Calculate the kinetic energy (in Joules) of an object with mass 34 kg moving at velocity 3 m/s.  Solve this problem step-by-step using Python code or mathematical reasoning. Your final answer should be enclosed in \boxed{}.
268,lila_physics_018,physics,float_tol,162.0,Calculate the kinetic energy (in Joules) of an object with mass 36 kg moving at velocity 3 m/s.  Solve this problem step-by-step using Python code or mathematical reasoning. Your final answer should be enclosed in \boxed{}.
269,lila_physics_019,physics,float_tol,171.0,Calculate the kinetic energy (in Joules) of an object with mass 38 kg moving at velocity 3 m/s.  Solve this problem step-by-step using Python code or mathematical reasoning. Your final answer should be enclosed in \boxed{}.
270,lila_physics_020,physics,float_tol,180.0,Calculate the kinetic energy (in Joules) of an object with mass 40 kg moving at velocity 3 m/s.  Solve this problem step-by-step using Python code or mathematical reasoning. Your final answer should be enclosed in \boxed{}.
271,lila_physics_021,physics,float_tol,189.0,Calculate the kinetic energy (in Joules) of an object with mass 42 kg moving at velocity 3 m/s.  Solve this problem step-by-step using Python code or mathematical reasoning. Your final answer should be enclosed in \boxed{}.
272,lila_physics_022,physics,float_tol,198.0,Calculate the kinetic energy (in Joules) of an object with mass 44 kg moving at velocity 3 m/s.  Solve this problem step-by-step using Python code or mathematical reasoning. Your final answer should be enclosed in \boxed{}.
273,lila_physics_023,physics,float_tol,207.0,Calculate the kinetic energy (in Joules) of an object with mass 46 kg moving at velocity 3 m/s.  Solve this problem step-by-step using Python code or mathematical reasoning. Your final answer should be enclosed in \boxed{}.
274,lila_physics_024,physics,float_tol,216.0,Calculate the kinetic energy (in Joules) of an object with mass 48 kg moving at velocity 3 m/s.  Solve this problem step-by-step using Python code or mathematical reasoning. Your final answer should be enclosed in \boxed{}.
275,lila_physics_025,physics,float_tol,225.0,Calculate the kinetic energy (in Joules) of an object with mass 50 kg moving at velocity 3 m/s.  Solve this problem step-by-step using Python code or mathematical reasoning. Your final answer should be enclosed in \boxed{}.
276,lila_physics_026,physics,float_tol,234.0,Calculate the kinetic energy (in Joules) of an object with mass 52 kg moving at velocity 3 m/s.  Solve this problem step-by-step using Python code or mathematical reasoning. Your final answer should be enclosed in \boxed{}.
277,lila_physics_027,physics,float_tol,243.0,Calculate the kinetic energy (in Joules) of an object with mass 54 kg moving at velocity 3 m/s.  Solve this problem step-by-step using Python code or mathematical reasoning. Your final answer should be enclosed in \boxed{}.
278,lila_physics_028,physics,float_tol,252.0,Calculate the kinetic energy (in Joules) of an object with mass 56 kg moving at velocity 3 m/s.  Solve this problem step-by-step using Python code or mathematical reasoning. Your final answer should be enclosed in \boxed{}.
279,lila_physics_029,physics,float_tol,261.0,Calculate the kinetic energy (in Joules) of an object with mass 58 kg moving at velocity 3 m/s.  Solve this problem step-by-step using Python code or mathematical reasoning. Your final answer should be enclosed in \boxed{}.
280,lila_physics_030,physics,float_tol,270.0,Calculate the kinetic energy (in Joules) of an object with mass 60 kg moving at velocity 3 m/s.  Solve this problem step-by-step using Python code or mathematical reasoning. Your final answer should be enclosed in \boxed{}.
281,lila_physics_031,physics,float_tol,279.0,Calculate the kinetic energy (in Joules) of an object with mass 62 kg moving at velocity 3 m/s.  Solve this problem step-by-step using Python code or mathematical reasoning. Your final answer should be enclosed in \boxed{}.
282,lila_physics_032,physics,float_tol,288.0,Calculate the kinetic energy (in Joules) of an object with mass 64 kg moving at velocity 3 m/s.  Solve this problem step-by-step using Python code or mathematical reasoning. Your final answer should be enclosed in \boxed{}.
283,lila_physics_033,physics,float_tol,297.0,Calculate the kinetic energy (in Joules) of an object with mass 66 kg moving at velocity 3 m/s.  Solve this problem step-by-step using Python code or mathematical reasoning. Your final answer should be enclosed in \boxed{}.
284,lila_physics_034,physics,float_tol,306.0,Calculate the kinetic energy (in Joules) of an object with mass 68 kg moving at velocity 3 m/s.  Solve this problem step-by-step using Python code or mathematical reasoning. Your final answer should be enclosed in \boxed{}.
285,lila_physics_035,physics,float_tol,315.0,Calculate the kinetic energy (in Joules) of an object with mass 70 kg moving at velocity 3 m/s.  Solve this problem step-by-step using Python code or mathematical reasoning. Your final answer should be enclosed in \boxed{}.
286,lila_physics_036,physics,float_tol,324.0,Calculate the kinetic energy (in Joules) of an object with mass 72 kg moving at velocity 3 m/s.  Solve this problem step-by-step using Python code or mathematical reasoning. Your final answer should be enclosed in \boxed{}.
287,lila_physics_037,physics,float_tol,333.0,Calculate the kinetic energy (in Joules) of an object with mass 74 kg moving at velocity 3 m/s.  Solve this problem step-by-step using Python code or mathematical reasoning. Your final answer should be enclosed in \boxed{}.
288,lila_physics_038,physics,float_tol,342.0,Calculate the kinetic energy (in Joules) of an object with mass 76 kg moving at velocity 3 m/s.  Solve this problem step-by-step using Python code or mathematical reasoning. Your final answer should be enclosed in \boxed{}.
289,lila_physics_039,physics,float_tol,351.0,Calculate the kinetic energy (in Joules) of an object with mass 78 kg moving at velocity 3 m/s.  Solve this problem step-by-step using Python code or mathematical reasoning. Your final answer should be enclosed in \boxed{}.
290,lila_physics_040,physics,float_tol,360.0,Calculate the kinetic energy (in Joules) of an object with mass 80 kg moving at velocity 3 m/s.  Solve this problem step-by-step using Python code or mathematical reasoning. Your final answer should be enclosed in \boxed{}.
291,lila_physics_041,physics,float_tol,369.0,Calculate the kinetic energy (in Joules) of an object with mass 82 kg moving at velocity 3 m/s.  Solve this problem step-by-step using Python code or mathematical reasoning. Your final answer should be enclosed in \boxed{}.
292,lila_physics_042,physics,float_tol,378.0,Calculate the kinetic energy (in Joules) of an object with mass 84 kg moving at velocity 3 m/s.  Solve this problem step-by-step using Python code or mathematical reasoning. Your final answer should be enclosed in \boxed{}.
293,lila_physics_043,physics,float_tol,387.0,Calculate the kinetic energy (in Joules) of an object with mass 86 kg moving at velocity 3 m/s.  Solve this problem step-by-step using Python code or mathematical reasoning. Your final answer should be enclosed in \boxed{}.
294,lila_physics_044,physics,float_tol,396.0,Calculate the kinetic energy (in Joules) of an object with mass 88 kg moving at velocity 3 m/s.  Solve this problem step-by-step using Python code or mathematical reasoning. Your final answer should be enclosed in \boxed{}.
295,lila_physics_045,physics,float_tol,405.0,Calculate the kinetic energy (in Joules) of an object with mass 90 kg moving at velocity 3 m/s.  Solve this problem step-by-step using Python code or mathematical reasoning. Your final answer should be enclosed in \boxed{}.
296,lila_physics_046,physics,float_tol,414.0,Calculate the kinetic energy (in Joules) of an object with mass 92 kg moving at velocity 3 m/s.  Solve this problem step-by-step using Python code or mathematical reasoning. Your final answer should be enclosed in \boxed{}.
297,lila_physics_047,physics,float_tol,423.0,Calculate the kinetic energy (in Joules) of an object with mass 94 kg moving at velocity 3 m/s.  Solve this problem step-by-step using Python code or mathematical reasoning. Your final answer should be enclosed in \boxed{}.
298,lila_physics_048,physics,float_tol,432.0,Calculate the kinetic energy (in Joules) of an object with mass 96 kg moving at velocity 3 m/s.  Solve this problem step-by-step using Python code or mathematical reasoning. Your final answer should be enclosed in \boxed{}.
299,lila_physics_049,physics,float_tol,441.0,Calculate the kinetic energy (in Joules) of an object with mass 98 kg moving at velocity 3 m/s.  Solve this problem step-by-step using Python code or mathematical reasoning. Your final answer should be enclosed in \boxed{}.
300,lila_physics_050,physics,float_tol,450.0,Calculate the kinetic energy (in Joules) of an object with mass 100 kg moving at velocity 3 m/s.  Solve this problem step-by-step using Python code or mathematical reasoning. Your final answer should be enclosed in \boxed{}.
301,lila_statistics_001,statistics,float_tol,3.0,"Find the mean of the data set [0, 2, 4, 6].  Solve this problem step-by-step using Python code or mathematical reasoning. Your final answer should be enclosed in \boxed{}."
302,lila_statistics_002,statistics,float_tol,4.0,"Find the mean of the data set [1, 3, 5, 7].  Solve this problem step-by-step using Python code or mathematical reasoning. Your final answer should be enclosed in \boxed{}."
303,lila_statistics_003,statistics,float_tol,5.0,"Find the mean of the data set [2, 4, 6, 8].  Solve this problem step-by-step using Python code or mathematical reasoning. Your final answer should be enclosed in \boxed{}."
304,lila_statistics_004,statistics,float_tol,6.0,"Find the mean of the data set [3, 5, 7, 9].  Solve this problem step-by-step using Python code or mathematical reasoning. Your final answer should be enclosed in \boxed{}."
305,lila_statistics_005,statistics,float_tol,7.0,"Find the mean of the data set [4, 6, 8, 10].  Solve this problem step-by-step using Python code or mathematical reasoning. Your final answer should be enclosed in \boxed{}."
306,lila_statistics_006,statistics,float_tol,8.0,"Find the mean of the data set [5, 7, 9, 11].  Solve this problem step-by-step using Python code or mathematical reasoning. Your final answer should be enclosed in \boxed{}."
307,lila_statistics_007,statistics,float_tol,9.0,"Find the mean of the data set [6, 8, 10, 12].  Solve this problem step-by-step using Python code or mathematical reasoning. Your final answer should be enclosed in \boxed{}."
308,lila_statistics_008,statistics,float_tol,10.0,"Find the mean of the data set [7, 9, 11, 13].  Solve this problem step-by-step using Python code or mathematical reasoning. Your final answer should be enclosed in \boxed{}."
309,lila_statistics_009,statistics,float_tol,11.0,"Find the mean of the data set [8, 10, 12, 14].  Solve this problem step-by-step using Python code or mathematical reasoning. Your final answer should be enclosed in \boxed{}."
310,lila_statistics_010,statistics,float_tol,12.0,"Find the mean of the data set [9, 11, 13, 15].  Solve this problem step-by-step using Python code or mathematical reasoning. Your final answer should be enclosed in \boxed{}."
311,lila_statistics_011,statistics,float_tol,13.0,"Find the mean of the data set [10, 12, 14, 16].  Solve this problem step-by-step using Python code or mathematical reasoning. Your final answer should be enclosed in \boxed{}."
312,lila_statistics_012,statistics,float_tol,14.0,"Find the mean of the data set [11, 13, 15, 17].  Solve this problem step-by-step using Python code or mathematical reasoning. Your final answer should be enclosed in \boxed{}."
313,lila_statistics_013,statistics,float_tol,15.0,"Find the mean of the data set [12, 14, 16, 18].  Solve this problem step-by-step using Python code or mathematical reasoning. Your final answer should be enclosed in \boxed{}."
314,lila_statistics_014,statistics,float_tol,16.0,"Find the mean of the data set [13, 15, 17, 19].  Solve this problem step-by-step using Python code or mathematical reasoning. Your final answer should be enclosed in \boxed{}."
315,lila_statistics_015,statistics,float_tol,17.0,"Find the mean of the data set [14, 16, 18, 20].  Solve this problem step-by-step using Python code or mathematical reasoning. Your final answer should be enclosed in \boxed{}."
316,lila_statistics_016,statistics,float_tol,18.0,"Find the mean of the data set [15, 17, 19, 21].  Solve this problem step-by-step using Python code or mathematical reasoning. Your final answer should be enclosed in \boxed{}."
317,lila_statistics_017,statistics,float_tol,19.0,"Find the mean of the data set [16, 18, 20, 22].  Solve this problem step-by-step using Python code or mathematical reasoning. Your final answer should be enclosed in \boxed{}."
318,lila_statistics_018,statistics,float_tol,20.0,"Find the mean of the data set [17, 19, 21, 23].  Solve this problem step-by-step using Python code or mathematical reasoning. Your final answer should be enclosed in \boxed{}."
319,lila_statistics_019,statistics,float_tol,21.0,"Find the mean of the data set [18, 20, 22, 24].  Solve this problem step-by-step using Python code or mathematical reasoning. Your final answer should be enclosed in \boxed{}."
320,lila_statistics_020,statistics,float_tol,22.0,"Find the mean of the data set [19, 21, 23, 25].  Solve this problem step-by-step using Python code or mathematical reasoning. Your final answer should be enclosed in \boxed{}."
321,lila_statistics_021,statistics,float_tol,23.0,"Find the mean of the data set [20, 22, 24, 26].  Solve this problem step-by-step using Python code or mathematical reasoning. Your final answer should be enclosed in \boxed{}."
322,lila_statistics_022,statistics,float_tol,24.0,"Find the mean of the data set [21, 23, 25, 27].  Solve this problem step-by-step using Python code or mathematical reasoning. Your final answer should be enclosed in \boxed{}."
323,lila_statistics_023,statistics,float_tol,25.0,"Find the mean of the data set [22, 24, 26, 28].  Solve this problem step-by-step using Python code or mathematical reasoning. Your final answer should be enclosed in \boxed{}."
324,lila_statistics_024,statistics,float_tol,26.0,"Find the mean of the data set [23, 25, 27, 29].  Solve this problem step-by-step using Python code or mathematical reasoning. Your final answer should be enclosed in \boxed{}."
325,lila_statistics_025,statistics,float_tol,27.0,"Find the mean of the data set [24, 26, 28, 30].  Solve this problem step-by-step using Python code or mathematical reasoning. Your final answer should be enclosed in \boxed{}."
326,lila_statistics_026,statistics,float_tol,28.0,"Find the mean of the data set [25, 27, 29, 31].  Solve this problem step-by-step using Python code or mathematical reasoning. Your final answer should be enclosed in \boxed{}."
327,lila_statistics_027,statistics,float_tol,29.0,"Find the mean of the data set [26, 28, 30, 32].  Solve this problem step-by-step using Python code or mathematical reasoning. Your final answer should be enclosed in \boxed{}."
328,lila_statistics_028,statistics,float_tol,30.0,"Find the mean of the data set [27, 29, 31, 33].  Solve this problem step-by-step using Python code or mathematical reasoning. Your final answer should be enclosed in \boxed{}."
329,lila_statistics_029,statistics,float_tol,31.0,"Find the mean of the data set [28, 30, 32, 34].  Solve this problem step-by-step using Python code or mathematical reasoning. Your final answer should be enclosed in \boxed{}."
330,lila_statistics_030,statistics,float_tol,32.0,"Find the mean of the data set [29, 31, 33, 35].  Solve this problem step-by-step using Python code or mathematical reasoning. Your final answer should be enclosed in \boxed{}."
331,lila_statistics_031,statistics,float_tol,33.0,"Find the mean of the data set [30, 32, 34, 36].  Solve this problem step-by-step using Python code or mathematical reasoning. Your final answer should be enclosed in \boxed{}."
332,lila_statistics_032,statistics,float_tol,34.0,"Find the mean of the data set [31, 33, 35, 37].  Solve this problem step-by-step using Python code or mathematical reasoning. Your final answer should be enclosed in \boxed{}."
333,lila_statistics_033,statistics,float_tol,35.0,"Find the mean of the data set [32, 34, 36, 38].  Solve this problem step-by-step using Python code or mathematical reasoning. Your final answer should be enclosed in \boxed{}."
334,lila_statistics_034,statistics,float_tol,36.0,"Find the mean of the data set [33, 35, 37, 39].  Solve this problem step-by-step using Python code or mathematical reasoning. Your final answer should be enclosed in \boxed{}."
335,lila_statistics_035,statistics,float_tol,37.0,"Find the mean of the data set [34, 36, 38, 40].  Solve this problem step-by-step using Python code or mathematical reasoning. Your final answer should be enclosed in \boxed{}."
336,lila_statistics_036,statistics,float_tol,38.0,"Find the mean of the data set [35, 37, 39, 41].  Solve this problem step-by-step using Python code or mathematical reasoning. Your final answer should be enclosed in \boxed{}."
337,lila_statistics_037,statistics,float_tol,39.0,"Find the mean of the data set [36, 38, 40, 42].  Solve this problem step-by-step using Python code or mathematical reasoning. Your final answer should be enclosed in \boxed{}."
338,lila_statistics_038,statistics,float_tol,40.0,"Find the mean of the data set [37, 39, 41, 43].  Solve this problem step-by-step using Python code or mathematical reasoning. Your final answer should be enclosed in \boxed{}."
339,lila_statistics_039,statistics,float_tol,41.0,"Find the mean of the data set [38, 40, 42, 44].  Solve this problem step-by-step using Python code or mathematical reasoning. Your final answer should be enclosed in \boxed{}."
340,lila_statistics_040,statistics,float_tol,42.0,"Find the mean of the data set [39, 41, 43, 45].  Solve this problem step-by-step using Python code or mathematical reasoning. Your final answer should be enclosed in \boxed{}."
341,lila_statistics_041,statistics,float_tol,43.0,"Find the mean of the data set [40, 42, 44, 46].  Solve this problem step-by-step using Python code or mathematical reasoning. Your final answer should be enclosed in \boxed{}."
342,lila_statistics_042,statistics,float_tol,44.0,"Find the mean of the data set [41, 43, 45, 47].  Solve this problem step-by-step using Python code or mathematical reasoning. Your final answer should be enclosed in \boxed{}."
343,lila_statistics_043,statistics,float_tol,45.0,"Find the mean of the data set [42, 44, 46, 48].  Solve this problem step-by-step using Python code or mathematical reasoning. Your final answer should be enclosed in \boxed{}."
344,lila_statistics_044,statistics,float_tol,46.0,"Find the mean of the data set [43, 45, 47, 49].  Solve this problem step-by-step using Python code or mathematical reasoning. Your final answer should be enclosed in \boxed{}."
345,lila_statistics_045,statistics,float_tol,47.0,"Find the mean of the data set [44, 46, 48, 50].  Solve this problem step-by-step using Python code or mathematical reasoning. Your final answer should be enclosed in \boxed{}."
346,lila_statistics_046,statistics,float_tol,48.0,"Find the mean of the data set [45, 47, 49, 51].  Solve this problem step-by-step using Python code or mathematical reasoning. Your final answer should be enclosed in \boxed{}."
347,lila_statistics_047,statistics,float_tol,49.0,"Find the mean of the data set [46, 48, 50, 52].  Solve this problem step-by-step using Python code or mathematical reasoning. Your final answer should be enclosed in \boxed{}."
348,lila_statistics_048,statistics,float_tol,50.0,"Find the mean of the data set [47, 49, 51, 53].  Solve this problem step-by-step using Python code or mathematical reasoning. Your final answer should be enclosed in \boxed{}."
349,lila_statistics_049,statistics,float_tol,51.0,"Find the mean of the data set [48, 50, 52, 54].  Solve this problem step-by-step using Python code or mathematical reasoning. Your final answer should be enclosed in \boxed{}."
350,lila_statistics_050,statistics,float_tol,52.0,"Find the mean of the data set [49, 51, 53, 55].  Solve this problem step-by-step using Python code or mathematical reasoning. Your final answer should be enclosed in \boxed{}."
