model,mode,task_id,ground_truth_score,is_correct,extracted_answer,duration_ms,energy_joules,peak_ram_mb,gpu_vram_mb,status
DeepSeek-R1-1.5B,agentic,math_algebra_001,1.0,True,5,14781.0,1088.0035,70.89,2130.0,success
DeepSeek-R1-1.5B,agentic,math_algebra_002,1.0,True,3,9968.0,578.7287,162.95,2130.0,success
DeepSeek-R1-1.5B,agentic,math_algebra_003,0.0,False,2,18969.0,1438.7006,69.66,2130.0,success
DeepSeek-R1-1.5B,agentic,math_algebra_004,0.0,False,Execution completed with no output,11969.0,748.524,162.43,2130.0,success
DeepSeek-R1-1.5B,agentic,math_algebra_005,1.0,True,11,12375.0,927.528,70.74,2130.0,success
DeepSeek-R1-1.5B,agentic,math_algebra_006,0.0,False,3,10640.0,782.7246,70.67,2130.0,success
DeepSeek-R1-1.5B,agentic,math_algebra_007,1.0,True,7,16235.0,1119.6911,164.75,2130.0,success
DeepSeek-R1-1.5B,agentic,math_algebra_008,0.0,False,Execution completed with no output,16359.0,1125.4642,161.15,2130.0,success
DeepSeek-R1-1.5B,agentic,math_counting_and_probability_009,0.0,False,Execution completed with no output,23656.0,1661.8516,161.77,2130.0,success
DeepSeek-R1-1.5B,agentic,math_counting_and_probability_010,1.0,True,120,13375.0,1015.3987,70.96,2130.0,success
DeepSeek-R1-1.5B,agentic,math_counting_and_probability_011,0.0,False,,20953.0,1569.43,71.02,2130.0,success
DeepSeek-R1-1.5B,agentic,math_counting_and_probability_012,1.0,True,64,8937.0,535.6996,161.88,2130.0,success
DeepSeek-R1-1.5B,agentic,math_counting_and_probability_013,1.0,True,4536,14110.0,915.8287,161.85,2130.0,success
DeepSeek-R1-1.5B,agentic,math_counting_and_probability_014,0.0,False,Execution completed with no output,13172.0,862.3493,164.59,2130.0,success
DeepSeek-R1-1.5B,agentic,math_counting_and_probability_015,1.0,True,40,25016.0,1543.8834,165.29,2130.0,success
DeepSeek-R1-1.5B,agentic,math_geometry_016,1.0,True,36\pi,11219.0,766.9539,162.92,2130.0,success
DeepSeek-R1-1.5B,agentic,math_geometry_017,0.0,False,144,15828.0,1086.3408,163.54,2130.0,success
DeepSeek-R1-1.5B,agentic,math_geometry_018,0.0,False,4.0,9391.0,612.4632,163.02,2130.0,success
DeepSeek-R1-1.5B,agentic,math_geometry_019,0.0,False,,14531.0,1121.9959,73.6,2130.0,success
DeepSeek-R1-1.5B,agentic,math_geometry_020,1.0,True,5,9578.0,711.757,73.66,2130.0,success
DeepSeek-R1-1.5B,agentic,math_geometry_021,1.0,True,720,8047.0,499.5379,164.46,2130.0,success
DeepSeek-R1-1.5B,agentic,math_geometry_022,1.0,True,\dfrac{10\pi}{3},15688.0,1083.0108,162.65,2130.0,success
DeepSeek-R1-1.5B,agentic,math_intermediate_algebra_023,0.0,False,Execution completed with no output,20875.0,1502.9172,163.18,2130.0,success
DeepSeek-R1-1.5B,agentic,math_intermediate_algebra_024,0.0,False,Execution completed with no output,16484.0,1142.5328,163.26,2130.0,success
DeepSeek-R1-1.5B,agentic,math_intermediate_algebra_025,0.0,False,Execution completed with no output,20094.0,1360.3594,163.85,2130.0,success
DeepSeek-R1-1.5B,agentic,math_intermediate_algebra_026,0.0,False,0,22250.0,1561.1688,166.48,2130.0,success
DeepSeek-R1-1.5B,agentic,math_intermediate_algebra_027,0.0,False,Execution completed with no output,19954.0,1369.9685,163.53,2130.0,success
DeepSeek-R1-1.5B,agentic,math_intermediate_algebra_028,0.0,False,Execution completed with no output,27765.0,1670.4428,166.31,2130.0,success
DeepSeek-R1-1.5B,agentic,math_intermediate_algebra_029,1.0,True,7,14359.0,1101.8721,74.24,2130.0,success
DeepSeek-R1-1.5B,agentic,math_number_theory_030,1.0,True,12,13890.0,1070.1601,72.52,2130.0,success
DeepSeek-R1-1.5B,agentic,math_number_theory_031,1.0,True,70,22359.0,1432.3692,165.07,2130.0,success
DeepSeek-R1-1.5B,agentic,math_number_theory_032,0.0,False,Execution completed with no output,18171.0,1288.5889,164.26,2130.0,success
DeepSeek-R1-1.5B,agentic,math_number_theory_033,0.0,False,0,11172.0,731.8312,165.8,2130.0,success
DeepSeek-R1-1.5B,agentic,math_number_theory_034,1.0,True,6,9422.0,641.3992,164.34,2130.0,success
DeepSeek-R1-1.5B,agentic,math_number_theory_035,1.0,True,17,9187.0,593.1774,162.95,2130.0,success
DeepSeek-R1-1.5B,agentic,math_number_theory_036,1.0,True,1,8844.0,569.2816,165.7,2130.0,success
DeepSeek-R1-1.5B,agentic,math_prealgebra_037,1.0,True,6,6578.0,441.3457,164.95,2130.0,success
DeepSeek-R1-1.5B,agentic,math_prealgebra_038,1.0,True,0.375,17657.0,1386.5456,159.73,2130.0,success
DeepSeek-R1-1.5B,agentic,math_prealgebra_039,1.0,True,84.0,13188.0,859.9625,248.72,2130.0,success
DeepSeek-R1-1.5B,agentic,math_prealgebra_040,0.0,False,Execution completed with no output,13406.0,905.4722,252.13,2130.0,success
DeepSeek-R1-1.5B,agentic,math_prealgebra_041,0.0,False,15,11000.0,837.4622,159.8,2130.0,success
DeepSeek-R1-1.5B,agentic,math_prealgebra_042,1.0,True,26,8969.0,668.9575,159.81,2130.0,success
DeepSeek-R1-1.5B,agentic,math_prealgebra_043,1.0,True,7,12594.0,952.0519,159.86,2130.0,success
DeepSeek-R1-1.5B,agentic,math_precalculus_044,0.0,False,0.8660254037844386,13078.0,652.2963,249.96,2130.0,success
DeepSeek-R1-1.5B,agentic,math_precalculus_045,1.0,True,-0.4999999999999998,14594.0,809.0434,246.5,2130.0,success
DeepSeek-R1-1.5B,agentic,math_precalculus_046,1.0,True,1,21000.0,1669.0126,154.54,2130.0,success
DeepSeek-R1-1.5B,agentic,math_precalculus_047,1.0,True,4/5,19187.0,1472.1307,153.46,2130.0,success
DeepSeek-R1-1.5B,agentic,math_precalculus_048,0.0,False,Execution completed with no output,14125.0,832.7573,247.07,2130.0,success
DeepSeek-R1-1.5B,agentic,math_precalculus_049,1.0,True,\sec^2(x),20719.0,1592.4723,153.1,2130.0,success
DeepSeek-R1-1.5B,agentic,math_precalculus_050,1.0,True,5,10750.0,813.5286,155.03,2130.0,success
DeepSeek-R1-1.5B,vanilla,math_algebra_001,1.0,True,5,8657.0,255.1594,66.42,3980.0,success
DeepSeek-R1-1.5B,vanilla,math_algebra_002,1.0,True,3,5765.0,465.4065,40.54,3980.0,success
DeepSeek-R1-1.5B,vanilla,math_algebra_003,1.0,True,2x^2 - 5x - 12,6500.0,497.6653,40.64,3980.0,success
DeepSeek-R1-1.5B,vanilla,math_algebra_004,0.0,False,,6625.0,511.4869,41.59,3980.0,failed
DeepSeek-R1-1.5B,vanilla,math_algebra_005,1.0,True,11,5609.0,434.1896,66.12,3980.0,success
DeepSeek-R1-1.5B,vanilla,math_algebra_006,1.0,True,x + 3,5188.0,385.6775,66.25,3980.0,success
DeepSeek-R1-1.5B,vanilla,math_algebra_007,1.0,True,7,2704.0,205.0555,41.64,3980.0,success
DeepSeek-R1-1.5B,vanilla,math_algebra_008,1.0,True,58,5375.0,391.4568,54.84,3980.0,success
DeepSeek-R1-1.5B,vanilla,math_counting_and_probability_009,0.0,False,,6750.0,504.3808,41.69,3980.0,failed
DeepSeek-R1-1.5B,vanilla,math_counting_and_probability_010,0.0,False,,6750.0,492.0578,67.73,3980.0,failed
DeepSeek-R1-1.5B,vanilla,math_counting_and_probability_011,1.0,True,\dfrac{1}{2},6719.0,490.0566,41.71,3980.0,success
DeepSeek-R1-1.5B,vanilla,math_counting_and_probability_012,0.0,False,,6641.0,503.6201,66.21,3980.0,failed
DeepSeek-R1-1.5B,vanilla,math_counting_and_probability_013,0.0,False,,6687.0,495.8571,41.75,3980.0,failed
DeepSeek-R1-1.5B,vanilla,math_counting_and_probability_014,1.0,True,\dfrac{2}{15},6500.0,487.7339,41.77,3980.0,success
DeepSeek-R1-1.5B,vanilla,math_counting_and_probability_015,0.0,False,,6750.0,493.3715,48.39,3980.0,failed
DeepSeek-R1-1.5B,vanilla,math_geometry_016,1.0,True,36\pi,6407.0,473.2083,46.18,3980.0,success
DeepSeek-R1-1.5B,vanilla,math_geometry_017,1.0,True,13,6422.0,475.3995,67.88,3980.0,success
DeepSeek-R1-1.5B,vanilla,math_geometry_018,1.0,True,4\sqrt{3},5922.0,439.9095,41.94,3980.0,success
DeepSeek-R1-1.5B,vanilla,math_geometry_019,0.0,False,,6843.0,498.5146,67.98,3980.0,failed
DeepSeek-R1-1.5B,vanilla,math_geometry_020,1.0,True,5,6375.0,459.8432,41.93,3980.0,success
DeepSeek-R1-1.5B,vanilla,math_geometry_021,0.0,False,,6750.0,488.51,41.95,3980.0,failed
DeepSeek-R1-1.5B,vanilla,math_geometry_022,1.0,True,\dfrac{10\pi}{3},5641.0,410.9025,52.79,3980.0,success
DeepSeek-R1-1.5B,vanilla,math_intermediate_algebra_023,1.0,True,2,6688.0,493.8047,66.49,3980.0,success
DeepSeek-R1-1.5B,vanilla,math_intermediate_algebra_024,0.0,False,0,6765.0,485.0892,66.5,3980.0,failed
DeepSeek-R1-1.5B,vanilla,math_intermediate_algebra_025,0.0,False,,6875.0,484.7699,68.04,3980.0,failed
DeepSeek-R1-1.5B,vanilla,math_intermediate_algebra_026,1.0,True,16,6485.0,475.2998,68.09,3980.0,success
DeepSeek-R1-1.5B,vanilla,math_intermediate_algebra_027,0.0,False,2,6891.0,492.5087,43.84,3980.0,failed
DeepSeek-R1-1.5B,vanilla,math_intermediate_algebra_028,0.0,False,-,6750.0,491.6931,57.04,3980.0,failed
DeepSeek-R1-1.5B,vanilla,math_intermediate_algebra_029,0.0,False,,6766.0,490.2579,43.84,3980.0,failed
DeepSeek-R1-1.5B,vanilla,math_number_theory_030,0.0,False,,6703.0,483.6792,43.86,3980.0,failed
DeepSeek-R1-1.5B,vanilla,math_number_theory_031,1.0,True,70,3297.0,242.4159,69.9,3980.0,success
DeepSeek-R1-1.5B,vanilla,math_number_theory_032,0.0,False,,6719.0,487.2325,44.07,3980.0,failed
DeepSeek-R1-1.5B,vanilla,math_number_theory_033,0.0,False,90,6750.0,505.0946,44.11,3980.0,failed
DeepSeek-R1-1.5B,vanilla,math_number_theory_034,0.0,False,,6875.0,498.3454,68.65,3980.0,failed
DeepSeek-R1-1.5B,vanilla,math_number_theory_035,1.0,True,17,6141.0,445.471,64.28,3980.0,success
DeepSeek-R1-1.5B,vanilla,math_number_theory_036,0.0,False,2024,6781.0,500.288,69.9,3980.0,failed
DeepSeek-R1-1.5B,vanilla,math_prealgebra_037,1.0,True,6,2093.0,130.6294,68.54,3980.0,success
DeepSeek-R1-1.5B,vanilla,math_prealgebra_038,1.0,True,0.375,3468.0,253.1195,44.28,3980.0,success
DeepSeek-R1-1.5B,vanilla,math_prealgebra_039,1.0,True,84,1532.0,96.2328,70.32,3980.0,success
DeepSeek-R1-1.5B,vanilla,math_prealgebra_040,0.0,False,\$5.00,1719.0,115.7967,44.29,3980.0,failed
DeepSeek-R1-1.5B,vanilla,math_prealgebra_041,0.0,False,15,6922.0,512.9718,44.29,3980.0,failed
DeepSeek-R1-1.5B,vanilla,math_prealgebra_042,1.0,True,26,2188.0,143.6796,44.15,3980.0,success
DeepSeek-R1-1.5B,vanilla,math_prealgebra_043,1.0,True,7,2766.0,199.8801,50.8,3980.0,success
DeepSeek-R1-1.5B,vanilla,math_precalculus_044,0.0,False,,6735.0,491.216,44.19,3980.0,failed
DeepSeek-R1-1.5B,vanilla,math_precalculus_045,0.0,False,3,6687.0,501.7144,44.27,3980.0,failed
DeepSeek-R1-1.5B,vanilla,math_precalculus_046,0.0,False,3,6672.0,501.972,68.5,3980.0,failed
DeepSeek-R1-1.5B,vanilla,math_precalculus_047,1.0,True,\dfrac{4}{5},6610.0,481.7809,44.29,3980.0,success
DeepSeek-R1-1.5B,vanilla,math_precalculus_048,0.0,False,4,6750.0,485.1621,44.86,3980.0,failed
DeepSeek-R1-1.5B,vanilla,math_precalculus_049,1.0,True,\sec^2(x),4672.0,345.9595,69.35,3980.0,success
DeepSeek-R1-1.5B,vanilla,math_precalculus_050,1.0,True,5,3844.0,287.6578,57.82,3980.0,success
DeepSeek-R1-7B,agentic,math_algebra_001,1.0,True,5,51719.0,3877.1039,56.54,5581.0,success
DeepSeek-R1-7B,agentic,math_algebra_002,1.0,True,3,43406.0,2805.7608,150.58,5879.0,success
DeepSeek-R1-7B,agentic,math_algebra_003,0.0,False,,56953.0,4442.2997,56.75,5613.0,success
DeepSeek-R1-7B,agentic,math_algebra_004,0.0,False,,60609.0,4502.7948,58.24,5581.0,success
DeepSeek-R1-7B,agentic,math_algebra_005,0.0,False,Execution completed with no output,70484.0,4827.3722,151.0,5581.0,success
DeepSeek-R1-7B,agentic,math_algebra_006,0.0,False,7,64890.0,4420.2821,149.69,5889.0,success
DeepSeek-R1-7B,agentic,math_algebra_007,1.0,True,7,31594.0,2435.9527,61.74,5585.0,success
DeepSeek-R1-7B,agentic,math_algebra_008,0.0,False,2,45828.0,3263.6293,151.9,5570.0,success
DeepSeek-R1-7B,agentic,math_counting_and_probability_009,1.0,True,56,55297.0,4250.1198,60.4,5592.0,success
DeepSeek-R1-7B,agentic,math_counting_and_probability_010,1.0,True,120,24359.0,1577.0665,154.87,5854.0,success
DeepSeek-R1-7B,agentic,math_counting_and_probability_011,0.0,False,,55000.0,4184.2119,60.32,5571.0,success
DeepSeek-R1-7B,agentic,math_counting_and_probability_012,1.0,True,64,38109.0,2870.2244,60.61,5567.0,success
DeepSeek-R1-7B,agentic,math_counting_and_probability_013,1.0,True,4536,61859.0,4630.7232,62.45,5854.0,success
DeepSeek-R1-7B,agentic,math_counting_and_probability_014,0.0,False,2,62469.0,4687.9417,62.39,5618.0,success
DeepSeek-R1-7B,agentic,math_counting_and_probability_015,0.0,False,,54781.0,4128.3301,63.22,5619.0,success
DeepSeek-R1-7B,agentic,math_geometry_016,1.0,True,36\pi,44390.0,3022.0668,155.29,5573.0,success
DeepSeek-R1-7B,agentic,math_geometry_017,0.0,False,The length of the hypotenuse is calculated using the Pythagorean theorem: \(,46453.0,3420.2589,154.11,5537.0,success
DeepSeek-R1-7B,agentic,math_geometry_018,1.0,True,6.928,21437.0,1497.6092,152.07,5537.0,success
DeepSeek-R1-7B,agentic,math_geometry_019,1.0,True,113,22312.0,1631.0043,154.41,5537.0,success
DeepSeek-R1-7B,agentic,math_geometry_020,1.0,True,5,43718.0,3320.9799,64.14,5537.0,success
DeepSeek-R1-7B,agentic,math_geometry_021,1.0,True,720,21047.0,1529.9768,157.58,5517.0,success
DeepSeek-R1-7B,agentic,math_geometry_022,0.0,False,Execution completed with no output,68844.0,5121.312,157.28,5517.0,success
DeepSeek-R1-7B,agentic,math_intermediate_algebra_023,1.0,True,2,57547.0,4258.6091,150.32,5517.0,success
DeepSeek-R1-7B,agentic,math_intermediate_algebra_024,0.0,False,,61688.0,4631.5569,57.67,5517.0,success
DeepSeek-R1-7B,agentic,math_intermediate_algebra_025,0.0,False,Execution completed with no output,74141.0,5459.8222,148.91,5517.0,success
DeepSeek-R1-7B,agentic,math_intermediate_algebra_026,0.0,False,,45390.0,3306.5008,58.18,5517.0,success
DeepSeek-R1-7B,agentic,math_intermediate_algebra_027,1.0,True,6\sqrt{2},25859.0,1745.4687,150.53,5517.0,success
DeepSeek-R1-7B,agentic,math_intermediate_algebra_028,1.0,True,4,66953.0,4836.3443,149.83,5528.0,success
DeepSeek-R1-7B,agentic,math_intermediate_algebra_029,1.0,True,7,28750.0,1941.4825,152.04,5527.0,success
DeepSeek-R1-7B,agentic,math_number_theory_030,0.0,False,Execution completed with no output,46266.0,3285.0854,149.88,5527.0,success
DeepSeek-R1-7B,agentic,math_number_theory_031,1.0,True,70,58937.0,4353.146,58.55,5527.0,success
DeepSeek-R1-7B,agentic,math_number_theory_032,0.0,False,,61157.0,4488.2693,58.64,5527.0,success
DeepSeek-R1-7B,agentic,math_number_theory_033,1.0,True,24,53453.0,3942.6878,58.3,5582.0,success
DeepSeek-R1-7B,agentic,math_number_theory_034,0.0,False,7,75047.0,4659.8205,162.69,5208.0,success
DeepSeek-R1-7B,agentic,math_number_theory_035,0.0,False,3,27375.0,2034.4352,256.78,5210.0,success
DeepSeek-R1-7B,agentic,math_number_theory_036,0.0,False,0,49203.0,4043.4827,156.41,5203.0,success
DeepSeek-R1-7B,agentic,math_prealgebra_037,1.0,True,6,37266.0,2861.2579,185.39,5199.0,success
DeepSeek-R1-7B,agentic,math_prealgebra_038,1.0,True,0.375,55297.0,4635.8755,93.22,5201.0,success
DeepSeek-R1-7B,agentic,math_prealgebra_039,1.0,True,84,32703.0,2674.8444,82.7,5201.0,success
DeepSeek-R1-7B,agentic,math_prealgebra_040,1.0,True,5,44453.0,3686.2821,84.57,5201.0,success
DeepSeek-R1-7B,agentic,math_prealgebra_041,1.0,True,27,36609.0,3050.7141,83.83,5201.0,success
DeepSeek-R1-7B,agentic,math_prealgebra_042,1.0,True,26,43047.0,3534.3415,83.81,5201.0,success
DeepSeek-R1-7B,agentic,math_prealgebra_043,1.0,True,7,40062.0,3289.6109,83.97,5201.0,success
DeepSeek-R1-7B,agentic,math_precalculus_044,0.0,False,Execution completed with no output,47484.0,3723.8483,177.43,5201.0,success
DeepSeek-R1-7B,agentic,math_precalculus_045,0.0,False,Execution completed with no output,58812.0,4665.2115,166.41,5203.0,success
DeepSeek-R1-7B,agentic,math_precalculus_046,1.0,True,1,34547.0,2679.2815,165.61,5203.0,success
DeepSeek-R1-7B,agentic,math_precalculus_047,0.0,False,Execution completed with no output,65781.0,5083.9586,166.87,5203.0,success
DeepSeek-R1-7B,agentic,math_precalculus_048,1.0,True,3.464101615137755,23969.0,1802.9537,167.07,5203.0,success
DeepSeek-R1-7B,agentic,math_precalculus_049,0.0,False,,58062.0,4684.7573,88.56,5203.0,success
DeepSeek-R1-7B,agentic,math_precalculus_050,1.0,True,5,54047.0,4046.9751,180.52,5203.0,success
DeepSeek-R1-7B,vanilla,math_algebra_001,1.0,True,5,26015.0,680.7887,48.01,6899.0,success
DeepSeek-R1-7B,vanilla,math_algebra_002,0.0,False,"(3, 5)",22875.0,1862.1033,49.59,5595.0,failed
DeepSeek-R1-7B,vanilla,math_algebra_003,1.0,True,2x^2 - 5x - 12,8813.0,680.3206,52.63,5586.0,success
DeepSeek-R1-7B,vanilla,math_algebra_004,1.0,True,3,12078.0,993.8048,27.84,5602.0,success
DeepSeek-R1-7B,vanilla,math_algebra_005,1.0,True,11,7859.0,622.355,27.88,5600.0,success
DeepSeek-R1-7B,vanilla,math_algebra_006,1.0,True,x + 3,15843.0,1286.3026,28.96,5587.0,success
DeepSeek-R1-7B,vanilla,math_algebra_007,1.0,True,7,7765.0,626.7632,28.99,5604.0,success
DeepSeek-R1-7B,vanilla,math_algebra_008,1.0,True,58,8000.0,624.7257,53.94,5575.0,success
DeepSeek-R1-7B,vanilla,math_counting_and_probability_009,1.0,True,56,13078.0,1062.6655,29.03,5586.0,success
DeepSeek-R1-7B,vanilla,math_counting_and_probability_010,1.0,True,120,13281.0,1089.9343,53.47,5588.0,success
DeepSeek-R1-7B,vanilla,math_counting_and_probability_011,1.0,True,\dfrac{1}{2},12484.0,1021.5761,29.08,5593.0,success
DeepSeek-R1-7B,vanilla,math_counting_and_probability_012,1.0,True,64,16500.0,1371.6086,29.07,5593.0,success
DeepSeek-R1-7B,vanilla,math_counting_and_probability_013,0.0,False,,23203.0,1872.59,29.12,5970.0,failed
DeepSeek-R1-7B,vanilla,math_counting_and_probability_014,1.0,True,\dfrac{2}{15},9625.0,795.6237,53.85,5693.0,success
DeepSeek-R1-7B,vanilla,math_counting_and_probability_015,0.0,False,,22797.0,1892.3459,29.16,5719.0,failed
DeepSeek-R1-7B,vanilla,math_geometry_016,1.0,True,36\pi,11703.0,932.2257,53.63,5690.0,success
DeepSeek-R1-7B,vanilla,math_geometry_017,1.0,True,13,8750.0,698.4668,29.21,5677.0,success
DeepSeek-R1-7B,vanilla,math_geometry_018,1.0,True,4\sqrt{3},9312.0,750.6083,55.57,5690.0,success
DeepSeek-R1-7B,vanilla,math_geometry_019,1.0,True,36\pi,11390.0,914.0456,29.35,5690.0,success
DeepSeek-R1-7B,vanilla,math_geometry_020,1.0,True,5,8734.0,693.1422,54.2,5676.0,success
DeepSeek-R1-7B,vanilla,math_geometry_021,1.0,True,720,20484.0,1654.9441,54.1,5688.0,success
DeepSeek-R1-7B,vanilla,math_geometry_022,1.0,True,\dfrac{10\pi}{3},21329.0,1702.8017,37.5,5688.0,success
DeepSeek-R1-7B,vanilla,math_intermediate_algebra_023,1.0,True,2,14609.0,1143.5568,29.41,5690.0,success
DeepSeek-R1-7B,vanilla,math_intermediate_algebra_024,0.0,False,-2,23062.0,1813.4569,56.85,5727.0,failed
DeepSeek-R1-7B,vanilla,math_intermediate_algebra_025,0.0,False,,22953.0,1820.4804,55.34,5702.0,failed
DeepSeek-R1-7B,vanilla,math_intermediate_algebra_026,1.0,True,16,22859.0,1791.8337,55.49,5712.0,success
DeepSeek-R1-7B,vanilla,math_intermediate_algebra_027,1.0,True,6\sqrt{2},10844.0,834.4029,30.67,5850.0,success
DeepSeek-R1-7B,vanilla,math_intermediate_algebra_028,1.0,True,4,17078.0,1323.3259,56.94,5558.0,success
DeepSeek-R1-7B,vanilla,math_intermediate_algebra_029,0.0,False,,23078.0,1789.1408,30.72,5568.0,failed
DeepSeek-R1-7B,vanilla,math_number_theory_030,1.0,True,12,14375.0,1097.1503,55.61,5546.0,success
DeepSeek-R1-7B,vanilla,math_number_theory_031,1.0,True,70,9453.0,716.2725,30.82,5533.0,success
DeepSeek-R1-7B,vanilla,math_number_theory_032,0.0,False,,25032.0,1896.53,30.84,5550.0,failed
DeepSeek-R1-7B,vanilla,math_number_theory_033,1.0,True,24,19782.0,1495.4184,30.86,5550.0,success
DeepSeek-R1-7B,vanilla,math_number_theory_034,1.0,True,6,19375.0,1452.2296,55.13,5550.0,success
DeepSeek-R1-7B,vanilla,math_number_theory_035,1.0,True,17,11703.0,866.6944,56.97,5549.0,success
DeepSeek-R1-7B,vanilla,math_number_theory_036,1.0,True,1,24109.0,1817.8534,30.76,5548.0,success
DeepSeek-R1-7B,vanilla,math_prealgebra_037,1.0,True,6,9828.0,726.3196,30.77,5542.0,success
DeepSeek-R1-7B,vanilla,math_prealgebra_038,1.0,True,0.375,14516.0,1095.7789,49.42,5546.0,success
DeepSeek-R1-7B,vanilla,math_prealgebra_039,1.0,True,84,5500.0,404.9427,30.84,5546.0,success
DeepSeek-R1-7B,vanilla,math_prealgebra_040,1.0,True,5.00,6813.0,520.3064,36.71,5549.0,success
DeepSeek-R1-7B,vanilla,math_prealgebra_041,1.0,True,27,9079.0,675.4162,31.14,5598.0,success
DeepSeek-R1-7B,vanilla,math_prealgebra_042,1.0,True,26,7969.0,599.0698,54.84,5554.0,success
DeepSeek-R1-7B,vanilla,math_prealgebra_043,1.0,True,7,9625.0,730.0106,55.88,5861.0,success
DeepSeek-R1-7B,vanilla,math_precalculus_044,0.0,False,\dfrac{\sqrt{3}}{2},6516.0,490.4091,55.7,5566.0,failed
DeepSeek-R1-7B,vanilla,math_precalculus_045,1.0,True,-\dfrac{1}{2},16000.0,1216.1853,37.75,5599.0,success
DeepSeek-R1-7B,vanilla,math_precalculus_046,0.0,False,,22781.0,1756.6489,31.37,5585.0,failed
DeepSeek-R1-7B,vanilla,math_precalculus_047,1.0,True,\dfrac{4}{5},18015.0,1363.3956,45.97,5583.0,success
DeepSeek-R1-7B,vanilla,math_precalculus_048,1.0,True,2\sqrt{3},19687.0,1454.2331,56.11,5573.0,success
DeepSeek-R1-7B,vanilla,math_precalculus_049,0.0,False,boxed{\sec^2,24766.0,1838.3744,31.63,5573.0,failed
DeepSeek-R1-7B,vanilla,math_precalculus_050,1.0,True,5,16844.0,1248.0695,31.63,5573.0,success
Llama3.2-3B,agentic,math_algebra_001,1.0,True,5,11813.0,540.5053,157.88,7157.0,success
Llama3.2-3B,agentic,math_algebra_002,1.0,True,3,7328.0,275.2958,158.42,7157.0,success
Llama3.2-3B,agentic,math_algebra_003,1.0,True,2x^2 - 8x + 3x - 12,3188.0,118.6199,157.9,7157.0,success
Llama3.2-3B,agentic,math_algebra_004,1.0,True,3,3219.0,127.6211,158.51,7157.0,success
Llama3.2-3B,agentic,math_algebra_005,1.0,True,11,2875.0,104.1137,158.17,7157.0,success
Llama3.2-3B,agentic,math_algebra_006,1.0,True,x + 3,7844.0,295.8707,156.97,7157.0,success
Llama3.2-3B,agentic,math_algebra_007,1.0,True,7,7390.0,413.4266,156.17,7157.0,success
Llama3.2-3B,agentic,math_algebra_008,1.0,True,58,3047.0,129.963,155.6,7157.0,success
Llama3.2-3B,agentic,math_counting_and_probability_009,1.0,True,56,7844.0,490.6206,156.0,7157.0,success
Llama3.2-3B,agentic,math_counting_and_probability_010,1.0,True,120,5375.0,296.7382,159.07,7157.0,success
Llama3.2-3B,agentic,math_counting_and_probability_011,1.0,True,\frac{1}{2},3984.0,162.4104,157.23,7157.0,success
Llama3.2-3B,agentic,math_counting_and_probability_012,1.0,True,64,2687.0,81.8599,155.89,7157.0,success
Llama3.2-3B,agentic,math_counting_and_probability_013,1.0,True,4536,6407.0,364.8712,156.04,7157.0,success
Llama3.2-3B,agentic,math_counting_and_probability_014,1.0,True,2/15,7718.0,578.0553,66.69,7157.0,success
Llama3.2-3B,agentic,math_counting_and_probability_015,0.0,False,80,2969.0,128.9072,157.57,7157.0,success
Llama3.2-3B,agentic,math_geometry_016,1.0,True,113,2656.0,80.5411,155.45,7157.0,success
Llama3.2-3B,agentic,math_geometry_017,1.0,True,13,2797.0,83.2581,156.12,7157.0,success
Llama3.2-3B,agentic,math_geometry_018,0.0,False,6,2922.0,89.5071,159.7,7157.0,success
Llama3.2-3B,agentic,math_geometry_019,1.0,True,113,3391.0,95.3271,159.83,7157.0,success
Llama3.2-3B,agentic,math_geometry_020,1.0,True,5,20859.0,1220.4953,159.17,7157.0,success
Llama3.2-3B,agentic,math_geometry_021,1.0,True,720,2891.0,95.6435,157.51,7157.0,success
Llama3.2-3B,agentic,math_geometry_022,0.0,False,34,2875.0,92.6754,159.53,7157.0,success
Llama3.2-3B,agentic,math_intermediate_algebra_023,0.0,False,0,5312.0,265.8663,158.0,7157.0,success
Llama3.2-3B,agentic,math_intermediate_algebra_024,0.0,False,8,8516.0,562.2413,158.02,3452.0,success
Llama3.2-3B,agentic,math_intermediate_algebra_025,0.0,False,5,10453.0,665.5153,159.64,3452.0,success
Llama3.2-3B,agentic,math_intermediate_algebra_026,1.0,True,16,2500.0,90.4579,160.07,3452.0,success
Llama3.2-3B,agentic,math_intermediate_algebra_027,0.0,False,8,2594.0,87.4384,159.29,3452.0,success
Llama3.2-3B,agentic,math_intermediate_algebra_028,1.0,True,4,4719.0,320.5922,67.46,3452.0,success
Llama3.2-3B,agentic,math_intermediate_algebra_029,1.0,True,7,8609.0,440.7826,160.18,3452.0,success
Llama3.2-3B,agentic,math_number_theory_030,1.0,True,12,2671.0,82.6099,159.93,3452.0,success
Llama3.2-3B,agentic,math_number_theory_031,1.0,True,70,2453.0,76.2982,157.36,3452.0,success
Llama3.2-3B,agentic,math_number_theory_032,1.0,True,4,6468.0,399.6926,158.02,3452.0,success
Llama3.2-3B,agentic,math_number_theory_033,1.0,True,24,28984.0,2339.8223,66.91,3454.0,success
Llama3.2-3B,agentic,math_number_theory_034,1.0,True,6,9016.0,612.1815,158.72,3454.0,success
Llama3.2-3B,agentic,math_number_theory_035,1.0,True,17,23828.0,1939.6586,67.32,3454.0,success
Llama3.2-3B,agentic,math_number_theory_036,1.0,True,1,4578.0,263.5974,157.8,3454.0,success
Llama3.2-3B,agentic,math_prealgebra_037,1.0,True,6,2875.0,91.6126,157.32,3454.0,success
Llama3.2-3B,agentic,math_prealgebra_038,1.0,True,0.375,2750.0,88.2346,157.42,3454.0,success
Llama3.2-3B,agentic,math_prealgebra_039,1.0,True,84,2515.0,60.1461,158.35,3454.0,success
Llama3.2-3B,agentic,math_prealgebra_040,0.0,False,15,2562.0,83.4909,157.27,3454.0,success
Llama3.2-3B,agentic,math_prealgebra_041,1.0,True,27,2610.0,87.262,158.42,3454.0,success
Llama3.2-3B,agentic,math_prealgebra_042,1.0,True,26,2766.0,84.4544,157.61,3454.0,success
Llama3.2-3B,agentic,math_prealgebra_043,1.0,True,7,6359.0,311.9887,157.24,3454.0,success
Llama3.2-3B,agentic,math_precalculus_044,0.0,False,0.8660254037844386,2781.0,92.9668,159.21,3454.0,success
Llama3.2-3B,agentic,math_precalculus_045,0.0,False,-1,2484.0,74.5418,157.43,3454.0,success
Llama3.2-3B,agentic,math_precalculus_046,1.0,True,1,2422.0,79.9956,159.49,3454.0,success
Llama3.2-3B,agentic,math_precalculus_047,0.0,False,0,2531.0,82.6364,159.15,3454.0,success
Llama3.2-3B,agentic,math_precalculus_048,0.0,False,3,5203.0,259.8811,160.7,3454.0,success
Llama3.2-3B,agentic,math_precalculus_049,0.0,False,1,10766.0,824.8382,68.34,3454.0,success
Llama3.2-3B,agentic,math_precalculus_050,1.0,True,5,2781.0,98.8044,160.51,3454.0,success
Llama3.2-3B,vanilla,math_algebra_001,1.0,True,5,14297.0,246.8964,27.26,7153.0,success
Llama3.2-3B,vanilla,math_algebra_002,1.0,True,3,1656.0,126.2233,51.78,7153.0,success
Llama3.2-3B,vanilla,math_algebra_003,1.0,True,2x^2 - 5x - 12,2797.0,213.3722,30.53,7153.0,success
Llama3.2-3B,vanilla,math_algebra_004,1.0,True,3,3547.0,284.7984,56.52,7153.0,success
Llama3.2-3B,vanilla,math_algebra_005,1.0,True,11,2703.0,209.0243,55.0,7153.0,success
Llama3.2-3B,vanilla,math_algebra_006,1.0,True,x + 3,2203.0,172.0431,56.61,7153.0,success
Llama3.2-3B,vanilla,math_algebra_007,1.0,True,7,1906.0,139.0087,55.14,7153.0,success
Llama3.2-3B,vanilla,math_algebra_008,1.0,True,58,3187.0,250.3042,56.7,7153.0,success
Llama3.2-3B,vanilla,math_counting_and_probability_009,1.0,True,56,3157.0,240.1007,50.96,7153.0,success
Llama3.2-3B,vanilla,math_counting_and_probability_010,1.0,True,120,3188.0,247.3203,30.75,7153.0,success
Llama3.2-3B,vanilla,math_counting_and_probability_011,1.0,True,\frac{1}{2},3031.0,240.4432,56.54,7153.0,success
Llama3.2-3B,vanilla,math_counting_and_probability_012,1.0,True,64,1625.0,113.0498,30.8,7153.0,success
Llama3.2-3B,vanilla,math_counting_and_probability_013,1.0,True,4536,4188.0,325.043,54.97,7153.0,success
Llama3.2-3B,vanilla,math_counting_and_probability_014,1.0,True,\frac{2}{15},3844.0,287.5388,55.0,7153.0,success
Llama3.2-3B,vanilla,math_counting_and_probability_015,1.0,True,40,4734.0,355.7266,56.85,7153.0,success
Llama3.2-3B,vanilla,math_geometry_016,1.0,True,113.09724,2578.0,188.2377,37.89,7153.0,success
Llama3.2-3B,vanilla,math_geometry_017,1.0,True,13,2688.0,193.5132,59.1,7153.0,success
Llama3.2-3B,vanilla,math_geometry_018,1.0,True,4\sqrt{3},2250.0,176.3672,62.46,7153.0,success
Llama3.2-3B,vanilla,math_geometry_019,1.0,True,36\pi,2516.0,198.8551,64.02,7153.0,success
Llama3.2-3B,vanilla,math_geometry_020,1.0,True,5,2312.0,175.1067,64.03,7153.0,success
Llama3.2-3B,vanilla,math_geometry_021,0.0,False,720°,1610.0,120.0077,38.16,7153.0,failed
Llama3.2-3B,vanilla,math_geometry_022,1.0,True,\frac{10\pi}{3},2985.0,234.9601,38.2,7153.0,success
Llama3.2-3B,vanilla,math_intermediate_algebra_023,1.0,True,2,2141.0,160.9394,62.67,7153.0,success
Llama3.2-3B,vanilla,math_intermediate_algebra_024,1.0,True,4,6187.0,469.883,64.23,7153.0,success
Llama3.2-3B,vanilla,math_intermediate_algebra_025,1.0,True,4,4125.0,310.4621,62.41,7153.0,success
Llama3.2-3B,vanilla,math_intermediate_algebra_026,1.0,True,16,2109.0,153.2062,38.22,7153.0,success
Llama3.2-3B,vanilla,math_intermediate_algebra_027,1.0,True,6\sqrt{2},2640.0,187.1961,62.73,7153.0,success
Llama3.2-3B,vanilla,math_intermediate_algebra_028,1.0,True,4,4000.0,295.7671,45.11,7153.0,success
Llama3.2-3B,vanilla,math_intermediate_algebra_029,1.0,True,7,2046.0,135.7459,62.87,7153.0,success
Llama3.2-3B,vanilla,math_number_theory_030,1.0,True,12,2156.0,150.6891,38.3,7153.0,success
Llama3.2-3B,vanilla,math_number_theory_031,1.0,True,70,2484.0,172.7014,38.3,7153.0,success
Llama3.2-3B,vanilla,math_number_theory_032,1.0,True,4,4360.0,330.3413,62.79,7153.0,success
Llama3.2-3B,vanilla,math_number_theory_033,1.0,True,24,3344.0,263.573,62.81,7153.0,success
Llama3.2-3B,vanilla,math_number_theory_034,1.0,True,6,6250.0,478.35,64.34,7153.0,success
Llama3.2-3B,vanilla,math_number_theory_035,1.0,True,17,3203.0,238.5275,60.9,7153.0,success
Llama3.2-3B,vanilla,math_number_theory_036,1.0,True,1,2031.0,149.144,59.79,7153.0,success
Llama3.2-3B,vanilla,math_prealgebra_037,1.0,True,6,1250.0,83.975,38.41,7153.0,success
Llama3.2-3B,vanilla,math_prealgebra_038,1.0,True,0.375,1281.0,89.6987,64.43,7153.0,success
Llama3.2-3B,vanilla,math_prealgebra_039,1.0,True,84,1688.0,120.9094,38.43,7153.0,success
Llama3.2-3B,vanilla,math_prealgebra_040,1.0,True,$5.00,2172.0,158.5862,38.46,7153.0,success
Llama3.2-3B,vanilla,math_prealgebra_041,1.0,True,27,1594.0,113.9571,38.46,7153.0,success
Llama3.2-3B,vanilla,math_prealgebra_042,1.0,True,26,2218.0,164.6207,59.96,7153.0,success
Llama3.2-3B,vanilla,math_prealgebra_043,1.0,True,7,2188.0,166.1942,38.48,7153.0,success
Llama3.2-3B,vanilla,math_precalculus_044,1.0,True,\frac{\sqrt{3}}{2},5328.0,412.9521,63.11,7153.0,success
Llama3.2-3B,vanilla,math_precalculus_045,1.0,True,-\frac{1}{2},4110.0,315.5829,60.38,7153.0,success
Llama3.2-3B,vanilla,math_precalculus_046,1.0,True,1,2906.0,218.539,37.23,7153.0,success
Llama3.2-3B,vanilla,math_precalculus_047,1.0,True,\frac{4}{5},3204.0,213.6861,37.27,7153.0,success
Llama3.2-3B,vanilla,math_precalculus_048,1.0,True,2\sqrt{3},3110.0,231.1374,44.05,7153.0,success
Llama3.2-3B,vanilla,math_precalculus_049,0.0,False,1,8468.0,658.2871,38.52,7153.0,failed
Llama3.2-3B,vanilla,math_precalculus_050,1.0,True,5,2406.0,165.7955,54.98,7153.0,success
Phi4-mini-reasoning,agentic,math_algebra_001,1.0,True,5,49906.0,3790.2397,53.65,4256.0,success
Phi4-mini-reasoning,agentic,math_algebra_002,0.0,False,"3. But the original task said ""find the vertex (h, k) x-coordinate..."", so maybe they just want the h part. The user also mentioned ""Output from sg_1"" which had ""Execution completed with no output."" Not sure how that connects, but maybe that's part of the problem context that's missing here",27141.0,1903.4843,146.92,4256.0,success
Phi4-mini-reasoning,agentic,math_algebra_003,0.0,False,-12,58266.0,4467.2385,56.6,4256.0,success
Phi4-mini-reasoning,agentic,math_algebra_004,0.0,False,"both 2 and 3. But the user might be expecting the two roots. Wait, the original task was to find the positive root, but in the quadratic equation given, both roots are positive. So maybe the answer is 2 and 3. But the user wants the final answer within a box. Maybe they want both answers boxed? Or perhaps the problem was presented differently. Wait, the execution completed with no output, so maybe the initial code was trying to solve it but didn't print anything. But the user is now asking based on that output, which was none, what is the final answer. Hmm, that's confusing. Wait, the original task was to find the positive root of x² -5x +6=0. The roots are 2 and 3. Both positive. So maybe the answer is both, but the user might expect them listed. But the final answer should be in a",25672.0,1888.9917,152.68,4256.0,success
Phi4-mini-reasoning,agentic,math_algebra_005,0.0,False,1,56610.0,4343.9866,60.44,4256.0,success
Phi4-mini-reasoning,agentic,math_algebra_006,0.0,False,3,46469.0,3572.1829,58.91,4256.0,success
Phi4-mini-reasoning,agentic,math_algebra_007,1.0,True,7,56062.0,4247.7281,58.05,4256.0,success
Phi4-mini-reasoning,agentic,math_algebra_008,0.0,False,10,37844.0,2716.5604,150.65,4256.0,success
Phi4-mini-reasoning,agentic,math_counting_and_probability_009,0.0,False,1,58313.0,4375.2476,152.81,4256.0,success
Phi4-mini-reasoning,agentic,math_counting_and_probability_010,1.0,True,120,49859.0,3674.8329,144.73,4256.0,success
Phi4-mini-reasoning,agentic,math_counting_and_probability_011,0.0,False,6,58281.0,4481.3415,53.66,4258.0,success
Phi4-mini-reasoning,agentic,math_counting_and_probability_012,1.0,True,64,31453.0,2310.5034,145.93,4258.0,success
Phi4-mini-reasoning,agentic,math_counting_and_probability_013,0.0,False,9000,32250.0,2379.6728,148.83,4258.0,success
Phi4-mini-reasoning,agentic,math_counting_and_probability_014,1.0,True,6/45,58313.0,4465.4894,56.62,4258.0,success
Phi4-mini-reasoning,agentic,math_counting_and_probability_015,0.0,False,5,50219.0,3851.3425,55.84,4258.0,success
Phi4-mini-reasoning,agentic,math_geometry_016,1.0,True,36\pi,51828.0,3942.7614,56.95,4258.0,success
Phi4-mini-reasoning,agentic,math_geometry_017,1.0,True,13,38938.0,2785.7184,149.52,4258.0,success
Phi4-mini-reasoning,agentic,math_geometry_018,1.0,True,4\sqrt{3},41094.0,3014.1941,148.53,4264.0,success
Phi4-mini-reasoning,agentic,math_geometry_019,1.0,True,113,33250.0,2397.6566,150.13,4262.0,success
Phi4-mini-reasoning,agentic,math_geometry_020,1.0,True,5,50172.0,3815.4037,56.58,4265.0,success
Phi4-mini-reasoning,agentic,math_geometry_021,0.0,False,6,54109.0,4063.6573,58.19,4259.0,success
Phi4-mini-reasoning,agentic,math_geometry_022,0.0,False,3,54547.0,4104.0349,56.88,4259.0,success
Phi4-mini-reasoning,agentic,math_intermediate_algebra_023,1.0,True,2,55406.0,3974.6277,147.15,4259.0,success
Phi4-mini-reasoning,agentic,math_intermediate_algebra_024,0.0,False,-2,57563.0,4376.1857,55.06,4259.0,success
Phi4-mini-reasoning,agentic,math_intermediate_algebra_025,0.0,False,x = 4 and y = 3,57031.0,4196.7504,145.86,4259.0,success
Phi4-mini-reasoning,agentic,math_intermediate_algebra_026,0.0,False,8,54312.0,4134.3868,53.96,4259.0,success
Phi4-mini-reasoning,agentic,math_intermediate_algebra_027,0.0,False,5,42375.0,3084.519,148.05,4259.0,success
Phi4-mini-reasoning,agentic,math_intermediate_algebra_028,0.0,False,-6,55578.0,4205.6609,45.63,4259.0,success
Phi4-mini-reasoning,agentic,math_intermediate_algebra_029,0.0,False,-12,60578.0,4503.141,148.0,4259.0,success
Phi4-mini-reasoning,agentic,math_number_theory_030,1.0,True,12,57281.0,4363.6205,57.18,4259.0,success
Phi4-mini-reasoning,agentic,math_number_theory_031,1.0,True,70,54735.0,4143.4978,57.2,4259.0,success
Phi4-mini-reasoning,agentic,math_number_theory_032,0.0,False,1,43047.0,3146.9571,149.31,4259.0,success
Phi4-mini-reasoning,agentic,math_number_theory_033,0.0,False,1,55516.0,4248.2692,57.44,4259.0,success
Phi4-mini-reasoning,agentic,math_number_theory_034,1.0,True,6,58546.0,4397.0767,41.2,4269.0,success
Phi4-mini-reasoning,agentic,math_number_theory_035,0.0,False,5,58266.0,4375.486,57.12,4266.0,success
Phi4-mini-reasoning,agentic,math_number_theory_036,1.0,True,1,61281.0,4558.6062,57.25,4247.0,success
Phi4-mini-reasoning,agentic,math_prealgebra_037,1.0,True,6,52609.0,3941.8334,56.54,4246.0,success
Phi4-mini-reasoning,agentic,math_prealgebra_038,1.0,True,0.375,70343.0,4821.3753,144.11,4280.0,success
Phi4-mini-reasoning,agentic,math_prealgebra_039,1.0,True,84,24766.0,1680.9082,145.98,4275.0,success
Phi4-mini-reasoning,agentic,math_prealgebra_040,1.0,True,5.00,69000.0,5334.0781,55.41,4558.0,success
Phi4-mini-reasoning,agentic,math_prealgebra_041,1.0,True,27,59812.0,4517.4667,54.86,4554.0,success
Phi4-mini-reasoning,agentic,math_prealgebra_042,1.0,True,26,60782.0,4540.5163,50.2,4264.0,success
Phi4-mini-reasoning,agentic,math_prealgebra_043,1.0,True,7,57141.0,4104.7807,50.18,4266.0,success
Phi4-mini-reasoning,agentic,math_precalculus_044,0.0,False,\dfrac{\sqrt{3}}{2},70687.0,5016.8493,144.68,4259.0,success
Phi4-mini-reasoning,agentic,math_precalculus_045,0.0,False,0,59297.0,4523.4372,50.51,4652.0,success
Phi4-mini-reasoning,agentic,math_precalculus_046,1.0,True,1,52781.0,4010.9423,53.18,4630.0,success
Phi4-mini-reasoning,agentic,math_precalculus_047,1.0,True,4/5,55016.0,4026.6302,147.54,4278.0,success
Phi4-mini-reasoning,agentic,math_precalculus_048,0.0,False,"4  (sqrt(3)/2). Let me compute that. 4 divided by 2 is 2, so 2sqrt(3). That simplifies to 2√3",51563.0,3933.1013,54.14,4259.0,success
Phi4-mini-reasoning,agentic,math_precalculus_049,0.0,False,1,59125.0,4351.8592,146.4,4259.0,success
Phi4-mini-reasoning,agentic,math_precalculus_050,0.0,False,1,43000.0,3218.539,151.0,4259.0,success
Phi4-mini-reasoning,vanilla,math_algebra_001,1.0,True,5,26016.0,852.8829,56.42,5205.0,success
Phi4-mini-reasoning,vanilla,math_algebra_002,1.0,True,3,15687.0,1274.423,54.7,4251.0,success
Phi4-mini-reasoning,vanilla,math_algebra_003,0.0,False,12,15953.0,1287.8708,63.15,4251.0,failed
Phi4-mini-reasoning,vanilla,math_algebra_004,1.0,True,3,15797.0,1251.6229,62.91,4251.0,success
Phi4-mini-reasoning,vanilla,math_algebra_005,1.0,True,10 + 1 = 11,15844.0,1240.6941,38.35,4251.0,success
Phi4-mini-reasoning,vanilla,math_algebra_006,1.0,True,x + 3,14656.0,1142.0993,64.68,4251.0,success
Phi4-mini-reasoning,vanilla,math_algebra_007,0.0,False,15,15859.0,1230.9527,62.88,4251.0,failed
Phi4-mini-reasoning,vanilla,math_algebra_008,1.0,True,58,13625.0,1046.4329,63.18,4251.0,success
Phi4-mini-reasoning,vanilla,math_counting_and_probability_009,1.0,True,56,16046.0,1222.1624,56.29,4251.0,success
Phi4-mini-reasoning,vanilla,math_counting_and_probability_010,1.0,True,120,15531.0,1179.5375,38.51,4254.0,success
Phi4-mini-reasoning,vanilla,math_counting_and_probability_011,0.0,False,5,15984.0,1225.2706,54.23,4251.0,failed
Phi4-mini-reasoning,vanilla,math_counting_and_probability_012,1.0,True,64,15890.0,1213.186,56.55,4251.0,success
Phi4-mini-reasoning,vanilla,math_counting_and_probability_013,0.0,False,3,15985.0,1222.6919,38.83,4251.0,failed
Phi4-mini-reasoning,vanilla,math_counting_and_probability_014,0.0,False,45,15938.0,1221.1492,38.89,4251.0,failed
Phi4-mini-reasoning,vanilla,math_counting_and_probability_015,1.0,True,40,15547.0,1198.8104,63.73,4251.0,success
Phi4-mini-reasoning,vanilla,math_geometry_016,1.0,True,36\pi,12171.0,928.2462,39.02,4251.0,success
Phi4-mini-reasoning,vanilla,math_geometry_017,1.0,True,13,7047.0,550.6645,134.11,4251.0,success
Phi4-mini-reasoning,vanilla,math_geometry_018,0.0,False,2,15875.0,1205.8507,135.95,4251.0,failed
Phi4-mini-reasoning,vanilla,math_geometry_019,1.0,True,36\pi,15750.0,1202.8505,109.68,4250.0,success
Phi4-mini-reasoning,vanilla,math_geometry_020,1.0,True,5,8000.0,612.8663,135.98,4250.0,success
Phi4-mini-reasoning,vanilla,math_geometry_021,1.0,True,720,12406.0,955.7491,134.68,4250.0,success
Phi4-mini-reasoning,vanilla,math_geometry_022,0.0,False,1,15890.0,1216.9331,109.73,4250.0,failed
Phi4-mini-reasoning,vanilla,math_intermediate_algebra_023,0.0,False,8,15922.0,1213.6483,136.04,4250.0,failed
Phi4-mini-reasoning,vanilla,math_intermediate_algebra_024,1.0,True,4,14532.0,1098.561,109.74,4250.0,success
Phi4-mini-reasoning,vanilla,math_intermediate_algebra_025,1.0,True,4,16063.0,1239.1688,109.75,4250.0,success
Phi4-mini-reasoning,vanilla,math_intermediate_algebra_026,1.0,True,16,15922.0,1213.2612,116.49,4250.0,success
Phi4-mini-reasoning,vanilla,math_intermediate_algebra_027,1.0,True,6\sqrt{2},12625.0,969.3667,136.09,4249.0,success
Phi4-mini-reasoning,vanilla,math_intermediate_algebra_028,1.0,True,4,15922.0,1210.0142,109.81,4249.0,success
Phi4-mini-reasoning,vanilla,math_intermediate_algebra_029,0.0,False,5,15984.0,1224.0762,109.83,4249.0,failed
Phi4-mini-reasoning,vanilla,math_number_theory_030,1.0,True,12,15672.0,1207.5213,132.07,4258.0,success
Phi4-mini-reasoning,vanilla,math_number_theory_031,0.0,False,35,16047.0,1199.8977,109.84,4254.0,failed
Phi4-mini-reasoning,vanilla,math_number_theory_032,0.0,False,3,15921.0,1211.9375,91.38,4254.0,failed
Phi4-mini-reasoning,vanilla,math_number_theory_033,1.0,True,24,15922.0,1212.9235,91.39,4254.0,success
Phi4-mini-reasoning,vanilla,math_number_theory_034,0.0,False,"6. Let me just confirm once more. 3*6=18. 18 divided by7 is 2 with remainder 4. So 18≡4 mod7. Yep, that's correct. So x=6 is the solution",16109.0,1228.7909,82.7,4254.0,failed
Phi4-mini-reasoning,vanilla,math_number_theory_035,1.0,True,17,13282.0,1012.3086,67.28,4254.0,success
Phi4-mini-reasoning,vanilla,math_number_theory_036,0.0,False,4,15938.0,1222.8579,67.35,4254.0,failed
Phi4-mini-reasoning,vanilla,math_prealgebra_037,1.0,True,6,9016.0,684.8026,92.88,4254.0,success
Phi4-mini-reasoning,vanilla,math_prealgebra_038,1.0,True,definitely 0.375,15891.0,1211.8034,91.92,4254.0,success
Phi4-mini-reasoning,vanilla,math_prealgebra_039,1.0,True,84,9704.0,734.8826,92.16,4257.0,success
Phi4-mini-reasoning,vanilla,math_prealgebra_040,1.0,True,5,11484.0,872.2909,67.43,4256.0,success
Phi4-mini-reasoning,vanilla,math_prealgebra_041,1.0,True,22 + 5 = 27,15953.0,1213.5199,92.23,4258.0,success
Phi4-mini-reasoning,vanilla,math_prealgebra_042,1.0,True,26,13157.0,991.573,67.49,4247.0,success
Phi4-mini-reasoning,vanilla,math_prealgebra_043,1.0,True,7,13500.0,1026.0814,92.05,4250.0,success
Phi4-mini-reasoning,vanilla,math_precalculus_044,0.0,False,6,15922.0,1199.8059,67.55,4250.0,failed
Phi4-mini-reasoning,vanilla,math_precalculus_045,1.0,True,-1/2,15937.0,1209.1971,70.55,4250.0,success
Phi4-mini-reasoning,vanilla,math_precalculus_046,1.0,True,1,14063.0,1064.9881,45.7,4250.0,success
Phi4-mini-reasoning,vanilla,math_precalculus_047,1.0,True,\dfrac{4}{5},11204.0,850.1239,45.7,4250.0,success
Phi4-mini-reasoning,vanilla,math_precalculus_048,1.0,True,2\sqrt{3},15110.0,1143.6977,52.28,4250.0,success
Phi4-mini-reasoning,vanilla,math_precalculus_049,1.0,True,\sec^2(x),11656.0,863.0032,27.57,4250.0,success
Phi4-mini-reasoning,vanilla,math_precalculus_050,1.0,True,5,10938.0,829.888,52.33,4250.0,success
Qwen2.5-Math-1.5B,agentic,math_algebra_001,1.0,True,5,6468.0,475.4093,59.48,5307.0,success
Qwen2.5-Math-1.5B,agentic,math_algebra_002,1.0,True,3,8313.0,628.0122,59.69,5307.0,success
Qwen2.5-Math-1.5B,agentic,math_algebra_003,1.0,True,2x^2 - 5x - 12,11063.0,830.1072,58.25,5307.0,success
Qwen2.5-Math-1.5B,agentic,math_algebra_004,1.0,True,3,16453.0,1256.2559,60.04,5307.0,success
Qwen2.5-Math-1.5B,agentic,math_algebra_005,1.0,True,11,8219.0,629.2084,58.6,5307.0,success
Qwen2.5-Math-1.5B,agentic,math_algebra_006,1.0,True,x + 3,8610.0,644.3012,58.62,5307.0,success
Qwen2.5-Math-1.5B,agentic,math_algebra_007,1.0,True,7,8828.0,645.931,58.75,5307.0,success
Qwen2.5-Math-1.5B,agentic,math_algebra_008,1.0,True,58,7109.0,532.1239,60.27,5307.0,success
Qwen2.5-Math-1.5B,agentic,math_counting_and_probability_009,1.0,True,56,15515.0,1185.0497,60.38,5307.0,success
Qwen2.5-Math-1.5B,agentic,math_counting_and_probability_010,1.0,True,120,9453.0,729.1778,58.9,5307.0,success
Qwen2.5-Math-1.5B,agentic,math_counting_and_probability_011,1.0,True,\frac{1}{2},14313.0,1113.4629,59.67,5307.0,success
Qwen2.5-Math-1.5B,agentic,math_counting_and_probability_012,1.0,True,64,9984.0,750.2433,59.11,5307.0,success
Qwen2.5-Math-1.5B,agentic,math_counting_and_probability_013,1.0,True,4536,8813.0,658.5736,60.7,5307.0,success
Qwen2.5-Math-1.5B,agentic,math_counting_and_probability_014,1.0,True,\frac{2}{15},16609.0,1286.0588,59.25,5307.0,success
Qwen2.5-Math-1.5B,agentic,math_counting_and_probability_015,1.0,True,40,10922.0,815.421,61.04,2754.0,success
Qwen2.5-Math-1.5B,agentic,math_geometry_016,1.0,True,36\pi,7766.0,581.7818,59.83,2754.0,success
Qwen2.5-Math-1.5B,agentic,math_geometry_017,1.0,True,13,10813.0,831.3347,61.18,2756.0,success
Qwen2.5-Math-1.5B,agentic,math_geometry_018,0.0,False,7,10296.0,791.2564,59.78,2756.0,success
Qwen2.5-Math-1.5B,agentic,math_geometry_019,1.0,True,36\pi,7922.0,586.6044,67.23,2756.0,success
Qwen2.5-Math-1.5B,agentic,math_geometry_020,1.0,True,5,5891.0,429.3132,67.27,2756.0,success
Qwen2.5-Math-1.5B,agentic,math_geometry_021,1.0,True,720,7719.0,591.0607,67.38,2756.0,success
Qwen2.5-Math-1.5B,agentic,math_geometry_022,1.0,True,\frac{10\pi}{3},6922.0,529.6625,67.43,2756.0,success
Qwen2.5-Math-1.5B,agentic,math_intermediate_algebra_023,1.0,True,2,8125.0,624.3476,65.95,2756.0,success
Qwen2.5-Math-1.5B,agentic,math_intermediate_algebra_024,1.0,True,4,13265.0,1044.2446,67.49,2756.0,success
Qwen2.5-Math-1.5B,agentic,math_intermediate_algebra_025,1.0,True,4,13281.0,1030.4105,67.57,2756.0,success
Qwen2.5-Math-1.5B,agentic,math_intermediate_algebra_026,1.0,True,16,8719.0,665.2578,66.11,2756.0,success
Qwen2.5-Math-1.5B,agentic,math_intermediate_algebra_027,1.0,True,6\sqrt{2},13078.0,835.1482,158.94,2756.0,success
Qwen2.5-Math-1.5B,agentic,math_intermediate_algebra_028,1.0,True,4,11015.0,828.5222,67.8,2756.0,success
Qwen2.5-Math-1.5B,agentic,math_intermediate_algebra_029,1.0,True,7,14031.0,1057.0305,67.84,2756.0,success
Qwen2.5-Math-1.5B,agentic,math_number_theory_030,1.0,True,12,7062.0,493.867,66.05,2756.0,success
Qwen2.5-Math-1.5B,agentic,math_number_theory_031,1.0,True,70,12718.0,968.0151,41.93,2756.0,success
Qwen2.5-Math-1.5B,agentic,math_number_theory_032,1.0,True,4,12641.0,997.7361,66.47,2756.0,success
Qwen2.5-Math-1.5B,agentic,math_number_theory_033,0.0,False,1,13375.0,1034.3295,68.04,2756.0,success
Qwen2.5-Math-1.5B,agentic,math_number_theory_034,0.0,False,[,28375.0,2255.2436,68.15,2756.0,success
Qwen2.5-Math-1.5B,agentic,math_number_theory_035,1.0,True,17,12671.0,971.5103,68.3,2756.0,success
Qwen2.5-Math-1.5B,agentic,math_number_theory_036,1.0,True,1,11437.0,871.2739,67.43,2756.0,success
Qwen2.5-Math-1.5B,agentic,math_prealgebra_037,1.0,True,6,11000.0,847.3903,68.38,2756.0,success
Qwen2.5-Math-1.5B,agentic,math_prealgebra_038,1.0,True,0.375,8750.0,665.3321,68.44,2756.0,success
Qwen2.5-Math-1.5B,agentic,math_prealgebra_039,1.0,True,84,3953.0,279.9913,68.48,2756.0,success
Qwen2.5-Math-1.5B,agentic,math_prealgebra_040,1.0,True,5,8360.0,622.2908,68.49,2756.0,success
Qwen2.5-Math-1.5B,agentic,math_prealgebra_041,1.0,True,27,9312.0,702.4745,67.69,2756.0,success
Qwen2.5-Math-1.5B,agentic,math_prealgebra_042,1.0,True,26,10125.0,769.7184,68.61,2756.0,success
Qwen2.5-Math-1.5B,agentic,math_prealgebra_043,1.0,True,7,8281.0,484.6918,161.06,2756.0,success
Qwen2.5-Math-1.5B,agentic,math_precalculus_044,1.0,True,\frac{\sqrt{3}}{2},7718.0,585.0223,68.67,2756.0,success
Qwen2.5-Math-1.5B,agentic,math_precalculus_045,1.0,True,-\frac{1}{2},10828.0,838.8894,67.33,2756.0,success
Qwen2.5-Math-1.5B,agentic,math_precalculus_046,1.0,True,1,11297.0,869.1255,68.71,2756.0,success
Qwen2.5-Math-1.5B,agentic,math_precalculus_047,1.0,True,\frac{4}{5},26578.0,2087.4044,68.73,2756.0,success
Qwen2.5-Math-1.5B,agentic,math_precalculus_048,1.0,True,2\sqrt{3},11375.0,880.3973,67.48,2756.0,success
Qwen2.5-Math-1.5B,agentic,math_precalculus_049,1.0,True,1 + \tan^2(x),10735.0,797.3379,69.1,2756.0,success
Qwen2.5-Math-1.5B,agentic,math_precalculus_050,1.0,True,5,7453.0,545.7581,71.11,2756.0,success
Qwen2.5-Math-1.5B,vanilla,math_algebra_001,1.0,True,5,9110.0,211.5908,48.95,5307.0,success
Qwen2.5-Math-1.5B,vanilla,math_algebra_002,1.0,True,3,1906.0,136.4421,49.04,5307.0,success
Qwen2.5-Math-1.5B,vanilla,math_algebra_003,1.0,True,2x^2 - 5x - 12,2390.0,160.4892,49.07,5307.0,success
Qwen2.5-Math-1.5B,vanilla,math_algebra_004,0.0,False,2 \text{ and } 3,3250.0,216.5354,64.41,5307.0,failed
Qwen2.5-Math-1.5B,vanilla,math_algebra_005,1.0,True,11,3296.0,227.6369,49.07,5307.0,success
Qwen2.5-Math-1.5B,vanilla,math_algebra_006,1.0,True,x + 3,2235.0,161.0814,49.1,5307.0,success
Qwen2.5-Math-1.5B,vanilla,math_algebra_007,1.0,True,7,2781.0,192.5424,49.23,5307.0,success
Qwen2.5-Math-1.5B,vanilla,math_algebra_008,1.0,True,58,2343.0,168.9278,49.25,5307.0,success
Qwen2.5-Math-1.5B,vanilla,math_counting_and_probability_009,1.0,True,56,3985.0,289.4521,73.76,5307.0,success
Qwen2.5-Math-1.5B,vanilla,math_counting_and_probability_010,1.0,True,120,2454.0,171.076,75.3,5307.0,success
Qwen2.5-Math-1.5B,vanilla,math_counting_and_probability_011,1.0,True,\frac{1}{2},3485.0,256.8878,73.5,5307.0,success
Qwen2.5-Math-1.5B,vanilla,math_counting_and_probability_012,1.0,True,64,1985.0,134.8835,73.77,5307.0,success
Qwen2.5-Math-1.5B,vanilla,math_counting_and_probability_013,1.0,True,4536,2922.0,215.7703,49.28,5307.0,success
Qwen2.5-Math-1.5B,vanilla,math_counting_and_probability_014,1.0,True,\frac{2}{15},3953.0,293.6463,49.31,5307.0,success
Qwen2.5-Math-1.5B,vanilla,math_counting_and_probability_015,1.0,True,40,3985.0,294.6435,73.95,5307.0,success
Qwen2.5-Math-1.5B,vanilla,math_geometry_016,1.0,True,36\pi,1922.0,130.4605,73.83,5307.0,success
Qwen2.5-Math-1.5B,vanilla,math_geometry_017,1.0,True,13,2890.0,202.1484,73.83,5307.0,success
Qwen2.5-Math-1.5B,vanilla,math_geometry_018,1.0,True,4\sqrt{3},2422.0,178.3101,73.84,5307.0,success
Qwen2.5-Math-1.5B,vanilla,math_geometry_019,1.0,True,36\pi,2390.0,151.65,73.63,5307.0,success
Qwen2.5-Math-1.5B,vanilla,math_geometry_020,1.0,True,5,1985.0,135.4263,73.55,5307.0,success
Qwen2.5-Math-1.5B,vanilla,math_geometry_021,1.0,True,720,2312.0,153.1893,73.85,5307.0,success
Qwen2.5-Math-1.5B,vanilla,math_geometry_022,1.0,True,\frac{10\pi}{3},2000.0,129.6186,73.88,5307.0,success
Qwen2.5-Math-1.5B,vanilla,math_intermediate_algebra_023,1.0,True,2,3140.0,223.8666,74.04,5307.0,success
Qwen2.5-Math-1.5B,vanilla,math_intermediate_algebra_024,1.0,True,4,4891.0,364.2776,73.89,5307.0,success
Qwen2.5-Math-1.5B,vanilla,math_intermediate_algebra_025,1.0,True,4,4390.0,327.0169,73.89,5307.0,success
Qwen2.5-Math-1.5B,vanilla,math_intermediate_algebra_026,1.0,True,16,2485.0,170.3142,64.58,5307.0,success
Qwen2.5-Math-1.5B,vanilla,math_intermediate_algebra_027,1.0,True,6\sqrt{2},3297.0,232.3205,75.45,5307.0,success
Qwen2.5-Math-1.5B,vanilla,math_intermediate_algebra_028,1.0,True,4,3172.0,239.0326,75.45,5307.0,success
Qwen2.5-Math-1.5B,vanilla,math_intermediate_algebra_029,1.0,True,7,3265.0,239.538,73.62,5307.0,success
Qwen2.5-Math-1.5B,vanilla,math_number_theory_030,1.0,True,12,2485.0,172.7526,73.93,5307.0,success
Qwen2.5-Math-1.5B,vanilla,math_number_theory_031,1.0,True,70,3422.0,243.8347,75.46,5307.0,success
Qwen2.5-Math-1.5B,vanilla,math_number_theory_032,1.0,True,4,3141.0,224.8684,49.43,5307.0,success
Qwen2.5-Math-1.5B,vanilla,math_number_theory_033,1.0,True,24,3016.0,209.2144,73.93,5307.0,success
Qwen2.5-Math-1.5B,vanilla,math_number_theory_034,1.0,True,6,4516.0,332.7708,49.43,5307.0,success
Qwen2.5-Math-1.5B,vanilla,math_number_theory_035,1.0,True,17,3375.0,240.3304,49.45,5307.0,success
Qwen2.5-Math-1.5B,vanilla,math_number_theory_036,1.0,True,1,2938.0,209.5274,74.04,5307.0,success
Qwen2.5-Math-1.5B,vanilla,math_prealgebra_037,1.0,True,6,2218.0,164.8982,75.47,5307.0,success
Qwen2.5-Math-1.5B,vanilla,math_prealgebra_038,1.0,True,0.375,3344.0,243.2746,49.45,5307.0,success
Qwen2.5-Math-1.5B,vanilla,math_prealgebra_039,1.0,True,84,2891.0,195.4364,57.68,5307.0,success
Qwen2.5-Math-1.5B,vanilla,math_prealgebra_040,1.0,True,5,2297.0,153.0713,33.18,5307.0,success
Qwen2.5-Math-1.5B,vanilla,math_prealgebra_041,1.0,True,27,2125.0,158.9016,57.69,5307.0,success
Qwen2.5-Math-1.5B,vanilla,math_prealgebra_042,1.0,True,26,2750.0,202.7726,33.21,5307.0,success
Qwen2.5-Math-1.5B,vanilla,math_prealgebra_043,1.0,True,7,2422.0,166.4756,33.21,5307.0,success
Qwen2.5-Math-1.5B,vanilla,math_precalculus_044,1.0,True,\frac{\sqrt{3}}{2},2031.0,145.8612,33.23,5307.0,success
Qwen2.5-Math-1.5B,vanilla,math_precalculus_045,1.0,True,-\frac{1}{2},3297.0,242.7898,33.25,5307.0,success
Qwen2.5-Math-1.5B,vanilla,math_precalculus_046,1.0,True,1,2922.0,207.5429,44.38,5307.0,success
Qwen2.5-Math-1.5B,vanilla,math_precalculus_047,1.0,True,\frac{4}{5},3359.0,248.69,42.66,5307.0,success
Qwen2.5-Math-1.5B,vanilla,math_precalculus_048,1.0,True,2\sqrt{3},2453.0,173.4327,33.32,5307.0,success
Qwen2.5-Math-1.5B,vanilla,math_precalculus_049,1.0,True,\sec^2(x),2797.0,198.9044,59.34,5307.0,success
Qwen2.5-Math-1.5B,vanilla,math_precalculus_050,1.0,True,5,2422.0,159.773,33.33,5307.0,success
Qwen2.5-Math-7B,agentic,math_algebra_001,1.0,True,5,145563.0,3261.2159,116.84,7507.0,success
Qwen2.5-Math-7B,agentic,math_algebra_002,1.0,True,3,95703.0,2923.4376,116.04,7359.0,success
Qwen2.5-Math-7B,agentic,math_algebra_003,1.0,True,2x^2 - 5x - 12,167641.0,4694.0427,114.72,7528.0,success
Qwen2.5-Math-7B,agentic,math_algebra_004,1.0,True,3,171437.0,3713.8456,48.22,7682.0,success
Qwen2.5-Math-7B,agentic,math_algebra_005,1.0,True,11,141828.0,2659.7347,46.7,6907.0,success
Qwen2.5-Math-7B,agentic,math_algebra_006,1.0,True,x + 3,153578.0,2829.3176,43.56,7294.0,success
Qwen2.5-Math-7B,agentic,math_algebra_007,1.0,True,7,161453.0,3155.218,44.36,7231.0,success
Qwen2.5-Math-7B,agentic,math_algebra_008,1.0,True,58,143094.0,2608.3159,44.68,6869.0,success
Qwen2.5-Math-7B,agentic,math_counting_and_probability_009,1.0,True,56,188578.0,3465.98,44.83,7142.0,success
Qwen2.5-Math-7B,agentic,math_counting_and_probability_010,1.0,True,120,88985.0,1566.3516,138.64,6850.0,success
Qwen2.5-Math-7B,agentic,math_counting_and_probability_011,0.0,False,,429532.0,7195.1703,46.87,7228.0,failed
Qwen2.5-Math-7B,agentic,math_counting_and_probability_012,1.0,True,64,80735.0,1593.5134,47.45,6872.0,success
Qwen2.5-Math-7B,agentic,math_counting_and_probability_013,1.0,True,4536,189984.0,4433.871,47.42,7224.0,success
Qwen2.5-Math-7B,agentic,math_counting_and_probability_014,0.0,False,,429641.0,8466.2774,48.91,7191.0,failed
Qwen2.5-Math-7B,agentic,math_counting_and_probability_015,1.0,True,40,203781.0,3677.4813,47.58,6931.0,success
Qwen2.5-Math-7B,agentic,math_geometry_016,1.0,True,113,102593.0,1865.3128,137.43,7237.0,success
Qwen2.5-Math-7B,agentic,math_geometry_017,1.0,True,13,144500.0,2569.2869,38.09,6943.0,success
Qwen2.5-Math-7B,agentic,math_geometry_018,0.0,False,7,121657.0,2119.0499,156.91,7196.0,success
Qwen2.5-Math-7B,agentic,math_geometry_019,0.0,False,36,178953.0,3335.0152,63.36,6989.0,success
Qwen2.5-Math-7B,agentic,math_geometry_020,1.0,True,5,128469.0,2423.4417,155.29,7016.0,success
Qwen2.5-Math-7B,agentic,math_geometry_021,1.0,True,720,141218.0,2635.7139,63.77,7149.0,success
Qwen2.5-Math-7B,agentic,math_geometry_022,1.0,True,\frac{10\pi}{3},117390.0,2305.6872,53.22,6941.0,success
Qwen2.5-Math-7B,agentic,math_intermediate_algebra_023,1.0,True,2,104140.0,1994.0325,55.65,7207.0,success
Qwen2.5-Math-7B,agentic,math_intermediate_algebra_024,0.0,False,-2,350109.0,6452.9476,57.34,7318.0,success
Qwen2.5-Math-7B,agentic,math_intermediate_algebra_025,1.0,True,4,815469.0,14842.9256,49.77,7593.0,success
Qwen2.5-Math-7B,agentic,math_intermediate_algebra_026,1.0,True,16,93844.0,2812.6833,135.35,7576.0,success
Qwen2.5-Math-7B,agentic,math_intermediate_algebra_027,1.0,True,6\sqrt{2},169875.0,5266.9913,44.36,7518.0,success
Qwen2.5-Math-7B,agentic,math_intermediate_algebra_028,1.0,True,4,155672.0,2849.077,45.57,6952.0,success
Qwen2.5-Math-7B,agentic,math_intermediate_algebra_029,0.0,False,,547687.0,13535.0295,42.41,7695.0,failed
Qwen2.5-Math-7B,agentic,math_number_theory_030,1.0,True,12,163156.0,2958.5267,42.77,7069.0,success
Qwen2.5-Math-7B,agentic,math_number_theory_031,1.0,True,70,155391.0,2851.1092,44.7,6858.0,success
Qwen2.5-Math-7B,agentic,math_number_theory_032,1.0,True,4,505515.0,8258.765,44.5,7199.0,success
Qwen2.5-Math-7B,agentic,math_number_theory_033,1.0,True,24,144532.0,2559.5697,42.89,6890.0,success
Qwen2.5-Math-7B,agentic,math_number_theory_034,1.0,True,6,182687.0,3145.7817,44.5,6890.0,success
Qwen2.5-Math-7B,agentic,math_number_theory_035,1.0,True,17,461797.0,7534.5773,45.21,6890.0,success
Qwen2.5-Math-7B,agentic,math_number_theory_036,1.0,True,1,170813.0,3042.9116,45.32,6890.0,success
Qwen2.5-Math-7B,agentic,math_prealgebra_037,1.0,True,6,97125.0,1757.5054,137.11,6886.0,success
Qwen2.5-Math-7B,agentic,math_prealgebra_038,1.0,True,0.375,157656.0,2822.1246,46.62,6886.0,success
Qwen2.5-Math-7B,agentic,math_prealgebra_039,1.0,True,84,77141.0,1436.2722,137.37,6886.0,success
Qwen2.5-Math-7B,agentic,math_prealgebra_040,0.0,False,,415297.0,6640.3581,45.68,6886.0,failed
Qwen2.5-Math-7B,agentic,math_prealgebra_041,1.0,True,27,134094.0,2405.4198,45.79,6880.0,success
Qwen2.5-Math-7B,agentic,math_prealgebra_042,1.0,True,26,157547.0,2773.4286,138.12,6880.0,success
Qwen2.5-Math-7B,agentic,math_prealgebra_043,1.0,True,7,115687.0,2104.6829,44.76,6881.0,success
Qwen2.5-Math-7B,agentic,math_precalculus_044,1.0,True,\frac{\sqrt{3}}{2},87594.0,1688.2178,44.09,6884.0,success
Qwen2.5-Math-7B,agentic,math_precalculus_045,1.0,True,-\frac{1}{2},148344.0,2621.1688,44.24,6877.0,success
Qwen2.5-Math-7B,agentic,math_precalculus_046,1.0,True,1,240922.0,4115.8388,43.87,6877.0,success
Qwen2.5-Math-7B,agentic,math_precalculus_047,0.0,False,,432250.0,6915.5168,44.98,6850.0,failed
Qwen2.5-Math-7B,agentic,math_precalculus_048,0.0,False,,421890.0,6718.908,43.7,6880.0,failed
Qwen2.5-Math-7B,agentic,math_precalculus_049,0.0,False,2,136312.0,2386.5699,44.13,7092.0,success
Qwen2.5-Math-7B,agentic,math_precalculus_050,1.0,True,5,146672.0,3735.0605,56.55,7088.0,success
Qwen2.5-Math-7B,agentic,math_algebra_001,1.0,True,5,124188.0,2377.4001,46.79,6543.0,success
Qwen2.5-Math-7B,agentic,math_algebra_002,1.0,True,3,71281.0,1516.7028,42.98,6542.0,success
Qwen2.5-Math-7B,agentic,math_algebra_003,1.0,True,2x^2 - 5x - 12,132953.0,2527.7666,42.08,6542.0,success
Qwen2.5-Math-7B,agentic,math_algebra_004,1.0,True,3,146078.0,2774.3363,45.41,6542.0,success
Qwen2.5-Math-7B,agentic,math_algebra_005,1.0,True,11,129578.0,2469.8189,45.53,6542.0,success
Qwen2.5-Math-7B,agentic,math_algebra_006,1.0,True,x + 3,120797.0,2339.4215,45.78,6542.0,success
Qwen2.5-Math-7B,agentic,math_algebra_007,1.0,True,7,140640.0,2634.7199,47.2,6542.0,success
Qwen2.5-Math-7B,agentic,math_algebra_008,1.0,True,58,131859.0,2513.5592,47.29,6544.0,success
Qwen2.5-Math-7B,agentic,math_counting_and_probability_009,1.0,True,56,173531.0,3244.6305,45.99,6544.0,success
Qwen2.5-Math-7B,agentic,math_counting_and_probability_010,1.0,True,120,74000.0,1446.124,142.18,6544.0,success
Qwen2.5-Math-7B,agentic,math_counting_and_probability_011,0.0,False,,485578.0,8145.4626,51.5,6548.0,failed
Qwen2.5-Math-7B,agentic,math_counting_and_probability_012,1.0,True,64,72000.0,1461.9847,51.64,6548.0,success
Qwen2.5-Math-7B,agentic,math_counting_and_probability_013,1.0,True,4536,176937.0,3280.7469,51.7,6548.0,success
Qwen2.5-Math-7B,agentic,math_counting_and_probability_014,0.0,False,,425844.0,7191.8033,48.03,6548.0,failed
Qwen2.5-Math-7B,agentic,math_counting_and_probability_015,1.0,True,40,188766.0,3460.8817,46.77,6548.0,success
Qwen2.5-Math-7B,agentic,math_geometry_016,1.0,True,113,91016.0,1720.9239,139.84,6548.0,success
Qwen2.5-Math-7B,agentic,math_geometry_017,1.0,True,13,133078.0,2513.2515,62.5,6548.0,success
Qwen2.5-Math-7B,agentic,math_geometry_018,0.0,False,7,108406.0,2043.9675,154.93,6548.0,success
Qwen2.5-Math-7B,agentic,math_geometry_019,0.0,False,36,166094.0,3062.2618,64.43,6548.0,success
Qwen2.5-Math-7B,agentic,math_geometry_020,1.0,True,5,115859.0,2214.5612,151.5,6548.0,success
Qwen2.5-Math-7B,agentic,math_geometry_021,1.0,True,720,133015.0,2500.3771,59.34,6548.0,success
Qwen2.5-Math-7B,agentic,math_geometry_022,1.0,True,\frac{10\pi}{3},109954.0,2111.0945,58.08,6537.0,success
Qwen2.5-Math-7B,agentic,math_intermediate_algebra_023,1.0,True,2,93062.0,1885.0677,51.22,6537.0,success
Qwen2.5-Math-7B,agentic,math_intermediate_algebra_024,0.0,False,-2,207032.0,3809.2458,51.45,6537.0,success
Qwen2.5-Math-7B,agentic,math_intermediate_algebra_025,1.0,True,4,200047.0,3683.1743,54.3,6537.0,success
Qwen2.5-Math-7B,agentic,math_intermediate_algebra_026,1.0,True,16,74297.0,1467.9631,143.84,6537.0,success
Qwen2.5-Math-7B,agentic,math_intermediate_algebra_027,1.0,True,6\sqrt{2},153172.0,2882.7877,50.25,6537.0,success
Qwen2.5-Math-7B,agentic,math_intermediate_algebra_028,1.0,True,4,141500.0,2673.817,51.99,6537.0,success
Qwen2.5-Math-7B,agentic,math_intermediate_algebra_029,1.0,True,7,183140.0,3380.4236,51.96,6537.0,success
Qwen2.5-Math-7B,agentic,math_number_theory_030,1.0,True,12,141641.0,2693.4963,52.2,6536.0,success
Qwen2.5-Math-7B,agentic,math_number_theory_031,1.0,True,70,136031.0,2598.6683,50.73,6536.0,success
Qwen2.5-Math-7B,agentic,math_number_theory_032,1.0,True,4,157312.0,2946.9944,52.34,6536.0,success
Qwen2.5-Math-7B,agentic,math_number_theory_033,1.0,True,24,131235.0,2468.9083,52.39,6536.0,success
Qwen2.5-Math-7B,agentic,math_number_theory_034,1.0,True,6,168187.0,3106.3753,52.54,6536.0,success
Qwen2.5-Math-7B,agentic,math_number_theory_035,1.0,True,17,254735.0,4571.8073,53.85,6536.0,success
Qwen2.5-Math-7B,agentic,math_number_theory_036,1.0,True,1,159313.0,2990.607,53.99,6536.0,success
Qwen2.5-Math-7B,agentic,math_prealgebra_037,1.0,True,6,91218.0,1737.3082,144.75,6531.0,success
Qwen2.5-Math-7B,agentic,math_prealgebra_038,1.0,True,0.375,149031.0,2795.9358,54.1,6531.0,success
Qwen2.5-Math-7B,agentic,math_prealgebra_039,1.0,True,84,73687.0,1451.2327,146.49,6531.0,success
Qwen2.5-Math-7B,agentic,math_prealgebra_040,1.0,True,5,116296.0,2179.1968,146.7,6531.0,success
Qwen2.5-Math-7B,agentic,math_prealgebra_041,1.0,True,27,97828.0,1937.5062,54.3,6531.0,success
Qwen2.5-Math-7B,agentic,math_prealgebra_042,1.0,True,26,146781.0,2757.1894,146.91,6531.0,success
Qwen2.5-Math-7B,agentic,math_prealgebra_043,1.0,True,7,109187.0,2132.8517,54.34,6531.0,success
Qwen2.5-Math-7B,agentic,math_precalculus_044,1.0,True,\frac{\sqrt{3}}{2},82875.0,1672.3656,52.92,6531.0,success
Qwen2.5-Math-7B,agentic,math_precalculus_045,1.0,True,-\frac{1}{2},140016.0,2651.128,53.06,6531.0,success
Qwen2.5-Math-7B,agentic,math_precalculus_046,1.0,True,1,235938.0,4226.492,54.61,6531.0,success
Qwen2.5-Math-7B,agentic,math_precalculus_047,0.0,False,,435765.0,7293.3639,52.29,6524.0,failed
Qwen2.5-Math-7B,agentic,math_precalculus_048,0.0,False,,420438.0,7072.7226,28.62,6524.0,failed
Qwen2.5-Math-7B,agentic,math_precalculus_049,0.0,False,2,125093.0,2382.3675,48.79,6524.0,success
Qwen2.5-Math-7B,agentic,math_precalculus_050,1.0,True,5,111313.0,2183.2002,57.36,6524.0,success
Qwen2.5-Math-7B,vanilla,math_algebra_001,1.0,True,5,60407.0,715.766,125.37,7229.0,success
Qwen2.5-Math-7B,vanilla,math_algebra_002,1.0,True,3,26062.0,491.9141,122.06,7237.0,success
Qwen2.5-Math-7B,vanilla,math_algebra_003,1.0,True,2x^2 - 5x - 12,37000.0,619.4839,146.79,7229.0,success
Qwen2.5-Math-7B,vanilla,math_algebra_004,1.0,True,3,38406.0,648.0968,146.95,7217.0,success
Qwen2.5-Math-7B,vanilla,math_algebra_005,1.0,True,11,39047.0,656.5804,147.01,7217.0,success
Qwen2.5-Math-7B,vanilla,math_algebra_006,1.0,True,x + 3,34672.0,594.5359,122.32,7217.0,success
Qwen2.5-Math-7B,vanilla,math_algebra_007,1.0,True,7,35094.0,600.3598,122.31,7217.0,success
Qwen2.5-Math-7B,vanilla,math_algebra_008,1.0,True,58,26406.0,454.115,76.59,7216.0,success
Qwen2.5-Math-7B,vanilla,math_counting_and_probability_009,1.0,True,56,53000.0,882.273,69.75,7216.0,success
Qwen2.5-Math-7B,vanilla,math_counting_and_probability_010,1.0,True,120,25766.0,436.7148,44.96,7219.0,success
Qwen2.5-Math-7B,vanilla,math_counting_and_probability_011,1.0,True,\frac{1}{2},42297.0,699.9248,71.26,7219.0,success
Qwen2.5-Math-7B,vanilla,math_counting_and_probability_012,1.0,True,64,19203.0,354.0407,69.54,7219.0,success
Qwen2.5-Math-7B,vanilla,math_counting_and_probability_013,1.0,True,4536,47813.0,793.3962,69.84,7227.0,success
Qwen2.5-Math-7B,vanilla,math_counting_and_probability_014,1.0,True,\frac{2}{15},46937.0,949.7403,45.12,7404.0,success
Qwen2.5-Math-7B,vanilla,math_counting_and_probability_015,1.0,True,40,250515.0,4150.5016,45.8,7508.0,success
Qwen2.5-Math-7B,vanilla,math_geometry_016,1.0,True,36\pi,20687.0,378.4313,45.92,7383.0,success
Qwen2.5-Math-7B,vanilla,math_geometry_017,1.0,True,13,36375.0,636.6779,53.39,7383.0,success
Qwen2.5-Math-7B,vanilla,math_geometry_018,1.0,True,4\sqrt{3},36156.0,607.6788,72.34,7200.0,success
Qwen2.5-Math-7B,vanilla,math_geometry_019,1.0,True,36\pi,32219.0,533.1674,70.66,7200.0,success
Qwen2.5-Math-7B,vanilla,math_geometry_020,1.0,True,5,29500.0,507.5371,52.88,7199.0,success
Qwen2.5-Math-7B,vanilla,math_geometry_021,1.0,True,720,18843.0,324.6764,70.76,7184.0,success
Qwen2.5-Math-7B,vanilla,math_geometry_022,1.0,True,\frac{10\pi}{3},26047.0,450.4624,44.65,7199.0,success
Qwen2.5-Math-7B,vanilla,math_intermediate_algebra_023,1.0,True,2,31235.0,558.2956,69.39,7568.0,success
Qwen2.5-Math-7B,vanilla,math_intermediate_algebra_024,0.0,False,,386813.0,5723.3213,44.75,7499.0,failed
Qwen2.5-Math-7B,vanilla,math_intermediate_algebra_025,0.0,False,,389031.0,5668.1328,24.03,7269.0,failed
Qwen2.5-Math-7B,vanilla,math_intermediate_algebra_026,1.0,True,16,36093.0,564.5183,49.59,7268.0,success
Qwen2.5-Math-7B,vanilla,math_intermediate_algebra_027,1.0,True,6\sqrt{2},40532.0,669.7626,28.52,7268.0,success
Qwen2.5-Math-7B,vanilla,math_intermediate_algebra_028,1.0,True,4,52657.0,826.2074,28.72,7268.0,success
Qwen2.5-Math-7B,vanilla,math_intermediate_algebra_029,1.0,True,7,43422.0,710.5749,55.03,7268.0,success
Qwen2.5-Math-7B,vanilla,math_number_theory_030,1.0,True,12,38047.0,634.7367,28.84,7268.0,success
Qwen2.5-Math-7B,vanilla,math_number_theory_031,1.0,True,70,46782.0,733.6627,53.62,7268.0,success
Qwen2.5-Math-7B,vanilla,math_number_theory_032,1.0,True,4,40531.0,651.2685,53.77,7268.0,success
Qwen2.5-Math-7B,vanilla,math_number_theory_033,0.0,False,,386781.0,5798.1836,55.33,7268.0,failed
Qwen2.5-Math-7B,vanilla,math_number_theory_034,1.0,True,6,54250.0,867.0435,53.75,7268.0,success
Qwen2.5-Math-7B,vanilla,math_number_theory_035,1.0,True,17,40594.0,670.7531,29.27,7268.0,success
Qwen2.5-Math-7B,vanilla,math_number_theory_036,1.0,True,1,47453.0,778.2136,29.3,7268.0,success
Qwen2.5-Math-7B,vanilla,math_prealgebra_037,1.0,True,6,28484.0,485.9842,55.58,7268.0,success
Qwen2.5-Math-7B,vanilla,math_prealgebra_038,1.0,True,0.375,44844.0,735.9531,33.14,7268.0,success
Qwen2.5-Math-7B,vanilla,math_prealgebra_039,1.0,True,84,35000.0,583.2482,29.75,7268.0,success
Qwen2.5-Math-7B,vanilla,math_prealgebra_040,1.0,True,5,32422.0,528.6903,55.23,7268.0,success
Qwen2.5-Math-7B,vanilla,math_prealgebra_041,1.0,True,27,31094.0,524.5882,30.69,7562.0,success
Qwen2.5-Math-7B,vanilla,math_prealgebra_042,1.0,True,26,50969.0,868.2506,51.05,7476.0,success
Qwen2.5-Math-7B,vanilla,math_prealgebra_043,1.0,True,7,47656.0,799.8033,26.37,7282.0,success
Qwen2.5-Math-7B,vanilla,math_precalculus_044,1.0,True,\frac{\sqrt{3}}{2},53265.0,902.6229,51.12,7315.0,success
Qwen2.5-Math-7B,vanilla,math_precalculus_045,1.0,True,-\frac{1}{2},40953.0,766.1996,26.4,7347.0,success
Qwen2.5-Math-7B,vanilla,math_precalculus_046,1.0,True,1,30906.0,588.5525,52.37,7090.0,success
Qwen2.5-Math-7B,vanilla,math_precalculus_047,1.0,True,\frac{4}{5},46984.0,852.1975,26.43,7077.0,success
Qwen2.5-Math-7B,vanilla,math_precalculus_048,1.0,True,2\sqrt{3},31766.0,612.3798,51.19,7077.0,success
Qwen2.5-Math-7B,vanilla,math_precalculus_049,0.0,False,,386875.0,6210.5879,90.46,7446.0,failed
Qwen2.5-Math-7B,vanilla,math_precalculus_050,1.0,True,5,33016.0,570.4237,99.36,7097.0,success
Qwen2.5-Math-7B,vanilla,math_algebra_001,1.0,True,5,56203.0,737.8715,125.28,6552.0,success
Qwen2.5-Math-7B,vanilla,math_algebra_002,1.0,True,3,26109.0,469.6252,114.23,6552.0,success
Qwen2.5-Math-7B,vanilla,math_algebra_003,1.0,True,2x^2 - 5x - 12,32187.0,585.3518,90.73,6552.0,success
Qwen2.5-Math-7B,vanilla,math_algebra_004,1.0,True,3,31719.0,628.3542,90.79,6552.0,success
Qwen2.5-Math-7B,vanilla,math_algebra_005,1.0,True,11,34860.0,660.0623,116.85,6553.0,success
Qwen2.5-Math-7B,vanilla,math_algebra_006,1.0,True,x + 3,30907.0,591.5003,90.82,6553.0,success
Qwen2.5-Math-7B,vanilla,math_algebra_007,1.0,True,7,32156.0,671.982,116.21,6553.0,success
Qwen2.5-Math-7B,vanilla,math_algebra_008,1.0,True,58,22469.0,438.7242,90.84,6553.0,success
Qwen2.5-Math-7B,vanilla,math_counting_and_probability_009,1.0,True,56,46328.0,818.1481,115.94,6553.0,success
Qwen2.5-Math-7B,vanilla,math_counting_and_probability_010,1.0,True,120,22938.0,474.4557,91.18,6553.0,success
Qwen2.5-Math-7B,vanilla,math_counting_and_probability_011,1.0,True,\frac{1}{2},37031.0,700.5349,91.18,6553.0,success
Qwen2.5-Math-7B,vanilla,math_counting_and_probability_012,1.0,True,64,16469.0,319.6604,46.04,6553.0,success
Qwen2.5-Math-7B,vanilla,math_counting_and_probability_013,1.0,True,4536,42015.0,759.1438,62.09,6553.0,success
Qwen2.5-Math-7B,vanilla,math_counting_and_probability_014,1.0,True,\frac{2}{15},37985.0,686.5767,37.27,6553.0,success
Qwen2.5-Math-7B,vanilla,math_counting_and_probability_015,1.0,True,40,49672.0,922.7861,37.36,6553.0,success
Qwen2.5-Math-7B,vanilla,math_geometry_016,1.0,True,36\pi,17031.0,335.766,65.2,6507.0,success
Qwen2.5-Math-7B,vanilla,math_geometry_017,1.0,True,13,29031.0,551.4098,40.53,6507.0,success
Qwen2.5-Math-7B,vanilla,math_geometry_018,1.0,True,4\sqrt{3},28844.0,543.7238,65.71,6507.0,success
Qwen2.5-Math-7B,vanilla,math_geometry_019,1.0,True,36\pi,25375.0,482.4897,40.87,6507.0,success
Qwen2.5-Math-7B,vanilla,math_geometry_020,1.0,True,5,22906.0,434.3288,40.85,6507.0,success
Qwen2.5-Math-7B,vanilla,math_geometry_021,1.0,True,720,14516.0,294.5998,65.46,6507.0,success
Qwen2.5-Math-7B,vanilla,math_geometry_022,1.0,True,\frac{10\pi}{3},20297.0,396.7807,49.7,6507.0,success
Qwen2.5-Math-7B,vanilla,math_intermediate_algebra_023,1.0,True,2,21688.0,459.1534,40.84,6507.0,success
Qwen2.5-Math-7B,vanilla,math_intermediate_algebra_024,0.0,False,,386906.0,6561.2685,50.12,6509.0,failed
Qwen2.5-Math-7B,vanilla,math_intermediate_algebra_025,1.0,True,4,59360.0,1069.1126,25.8,6509.0,success
Qwen2.5-Math-7B,vanilla,math_intermediate_algebra_026,1.0,True,16,24985.0,497.2217,50.34,6509.0,success
Qwen2.5-Math-7B,vanilla,math_intermediate_algebra_027,1.0,True,6\sqrt{2},32859.0,602.4606,25.84,6509.0,success
Qwen2.5-Math-7B,vanilla,math_intermediate_algebra_028,1.0,True,4,41360.0,787.8841,50.63,6508.0,success
Qwen2.5-Math-7B,vanilla,math_intermediate_algebra_029,1.0,True,7,34937.0,679.663,50.68,6508.0,success
Qwen2.5-Math-7B,vanilla,math_number_theory_030,1.0,True,12,30828.0,572.8037,25.95,6508.0,success
Qwen2.5-Math-7B,vanilla,math_number_theory_031,1.0,True,70,38547.0,727.5117,25.94,6510.0,success
Qwen2.5-Math-7B,vanilla,math_number_theory_032,1.0,True,4,33672.0,641.8476,33.58,6510.0,success
Qwen2.5-Math-7B,vanilla,math_number_theory_033,1.0,True,24,56000.0,1041.6848,26.62,6510.0,success
Qwen2.5-Math-7B,vanilla,math_number_theory_034,1.0,True,6,43860.0,802.1674,51.4,6510.0,success
Qwen2.5-Math-7B,vanilla,math_number_theory_035,1.0,True,17,33516.0,617.0311,51.27,6510.0,success
Qwen2.5-Math-7B,vanilla,math_number_theory_036,1.0,True,1,41172.0,753.3534,51.61,6530.0,success
Qwen2.5-Math-7B,vanilla,math_prealgebra_037,1.0,True,6,25031.0,500.275,33.97,6530.0,success
Qwen2.5-Math-7B,vanilla,math_prealgebra_038,1.0,True,0.375,41265.0,748.8076,26.98,6530.0,success
Qwen2.5-Math-7B,vanilla,math_prealgebra_039,1.0,True,84,30781.0,578.9579,51.77,6530.0,success
Qwen2.5-Math-7B,vanilla,math_prealgebra_040,1.0,True,5,26500.0,489.3454,27.03,6530.0,success
Qwen2.5-Math-7B,vanilla,math_prealgebra_041,1.0,True,27,23875.0,487.1015,51.93,6530.0,success
Qwen2.5-Math-7B,vanilla,math_prealgebra_042,1.0,True,26,40484.0,742.1211,116.84,6530.0,success
Qwen2.5-Math-7B,vanilla,math_prealgebra_043,1.0,True,7,37360.0,693.1459,90.56,6529.0,success
Qwen2.5-Math-7B,vanilla,math_precalculus_044,1.0,True,\frac{\sqrt{3}}{2},42890.0,793.0447,36.81,6529.0,success
Qwen2.5-Math-7B,vanilla,math_precalculus_045,1.0,True,-\frac{1}{2},37187.0,676.9104,40.36,6529.0,success
Qwen2.5-Math-7B,vanilla,math_precalculus_046,1.0,True,1,28844.0,526.009,39.05,6529.0,success
Qwen2.5-Math-7B,vanilla,math_precalculus_047,1.0,True,\frac{4}{5},42953.0,803.8622,14.46,6529.0,success
Qwen2.5-Math-7B,vanilla,math_precalculus_048,1.0,True,2\sqrt{3},28859.0,563.9635,18.01,6529.0,success
Qwen2.5-Math-7B,vanilla,math_precalculus_049,1.0,True,\sec^2(x),58234.0,1059.6529,18.07,6529.0,success
Qwen2.5-Math-7B,vanilla,math_precalculus_050,1.0,True,5,29969.0,541.765,42.98,6529.0,success
Qwen3-4B-Thinking,agentic,math_algebra_001,1.0,True,5,21406.0,1402.4819,162.41,4049.0,success
Qwen3-4B-Thinking,agentic,math_algebra_002,1.0,True,3,13093.0,874.4825,164.05,4049.0,success
Qwen3-4B-Thinking,agentic,math_algebra_003,0.0,False,Execution completed with no output,23500.0,1711.3536,164.42,4049.0,success
Qwen3-4B-Thinking,agentic,math_algebra_004,0.0,False,Execution completed with no output,25016.0,1758.0836,162.48,4049.0,success
Qwen3-4B-Thinking,agentic,math_algebra_005,1.0,True,11,17422.0,1223.5807,163.5,4049.0,success
Qwen3-4B-Thinking,agentic,math_algebra_006,0.0,False,Execution completed with no output,23469.0,1733.1762,162.5,4049.0,success
Qwen3-4B-Thinking,agentic,math_algebra_007,1.0,True,7,19422.0,1413.619,161.04,4049.0,success
Qwen3-4B-Thinking,agentic,math_algebra_008,1.0,True,58,13797.0,975.9997,163.73,4049.0,success
Qwen3-4B-Thinking,agentic,math_counting_and_probability_009,1.0,True,56,22890.0,1637.5168,164.56,4049.0,success
Qwen3-4B-Thinking,agentic,math_counting_and_probability_010,1.0,True,120,16907.0,1219.1547,161.22,4049.0,success
Qwen3-4B-Thinking,agentic,math_counting_and_probability_011,0.0,False,Execution completed with no output,23281.0,1749.2466,164.59,4049.0,success
Qwen3-4B-Thinking,agentic,math_counting_and_probability_012,1.0,True,64,17219.0,1252.436,161.77,4049.0,success
Qwen3-4B-Thinking,agentic,math_counting_and_probability_013,0.0,False,Execution completed with no output,23422.0,1726.7806,162.46,4049.0,success
Qwen3-4B-Thinking,agentic,math_counting_and_probability_014,0.0,False,Execution completed with no output,23969.0,1765.3251,163.1,4049.0,success
Qwen3-4B-Thinking,agentic,math_counting_and_probability_015,0.0,False,Execution completed with no output,23579.0,1754.2912,162.5,4049.0,success
Qwen3-4B-Thinking,agentic,math_geometry_016,0.0,False,Execution completed with no output,23610.0,1754.1628,163.78,4049.0,success
Qwen3-4B-Thinking,agentic,math_geometry_017,1.0,True,13,20407.0,1523.8674,163.41,4049.0,success
Qwen3-4B-Thinking,agentic,math_geometry_018,0.0,False,Execution completed with no output,23375.0,1712.692,161.64,4049.0,success
Qwen3-4B-Thinking,agentic,math_geometry_019,0.0,False,Execution completed with no output,23547.0,1758.0036,162.95,4049.0,success
Qwen3-4B-Thinking,agentic,math_geometry_020,1.0,True,5,12266.0,859.2243,162.85,4049.0,success
Qwen3-4B-Thinking,agentic,math_geometry_021,1.0,True,720,15047.0,1075.6469,164.54,4049.0,success
Qwen3-4B-Thinking,agentic,math_geometry_022,0.0,False,Execution completed with no output,24828.0,1762.2818,164.97,4049.0,success
Qwen3-4B-Thinking,agentic,math_intermediate_algebra_023,1.0,True,2,22734.0,1627.7836,163.14,4049.0,success
Qwen3-4B-Thinking,agentic,math_intermediate_algebra_024,1.0,True,4,23219.0,1711.5949,164.92,4049.0,success
Qwen3-4B-Thinking,agentic,math_intermediate_algebra_025,1.0,True,4,23407.0,1781.6283,162.0,4049.0,success
Qwen3-4B-Thinking,agentic,math_intermediate_algebra_026,0.0,False,Execution completed with no output,23985.0,1773.9459,163.57,4049.0,success
Qwen3-4B-Thinking,agentic,math_intermediate_algebra_027,0.0,False,Execution completed with no output,24141.0,1761.1994,164.66,4049.0,success
Qwen3-4B-Thinking,agentic,math_intermediate_algebra_028,1.0,True,4,22547.0,1630.7397,162.47,4049.0,success
Qwen3-4B-Thinking,agentic,math_intermediate_algebra_029,1.0,True,7,21109.0,1568.1837,162.58,4049.0,success
Qwen3-4B-Thinking,agentic,math_number_theory_030,1.0,True,12,22390.0,1648.208,161.82,4049.0,success
Qwen3-4B-Thinking,agentic,math_number_theory_031,1.0,True,70,21407.0,1546.5435,163.29,4049.0,success
Qwen3-4B-Thinking,agentic,math_number_theory_032,0.0,False,Execution completed with no output,24063.0,1742.5,165.31,4049.0,success
Qwen3-4B-Thinking,agentic,math_number_theory_033,0.0,False,Execution completed with no output,23641.0,1738.1594,163.35,4049.0,success
Qwen3-4B-Thinking,agentic,math_number_theory_034,1.0,True,6,17891.0,1301.5758,163.71,4049.0,success
Qwen3-4B-Thinking,agentic,math_number_theory_035,1.0,True,17,22797.0,1660.1092,163.43,4049.0,success
Qwen3-4B-Thinking,agentic,math_number_theory_036,0.0,False,Execution completed with no output,23282.0,1778.8708,163.29,4049.0,success
Qwen3-4B-Thinking,agentic,math_prealgebra_037,1.0,True,6,21046.0,1563.335,162.43,4062.0,success
Qwen3-4B-Thinking,agentic,math_prealgebra_038,0.0,False,Execution completed with no output,23578.0,1732.122,162.19,4058.0,success
Qwen3-4B-Thinking,agentic,math_prealgebra_039,1.0,True,84,35438.0,2615.1776,163.29,4058.0,success
Qwen3-4B-Thinking,agentic,math_prealgebra_040,1.0,True,5,20750.0,1497.6709,162.71,4058.0,success
Qwen3-4B-Thinking,agentic,math_prealgebra_041,1.0,True,27,19406.0,1442.2743,165.11,4058.0,success
Qwen3-4B-Thinking,agentic,math_prealgebra_042,0.0,False,Execution completed with no output,23797.0,1733.0016,163.65,4058.0,success
Qwen3-4B-Thinking,agentic,math_prealgebra_043,1.0,True,7,21234.0,1521.8897,165.25,4058.0,success
Qwen3-4B-Thinking,agentic,math_precalculus_044,0.0,False,Execution completed with no output,24359.0,1759.4349,163.52,4058.0,success
Qwen3-4B-Thinking,agentic,math_precalculus_045,0.0,False,Execution completed with no output,24781.0,1808.7351,165.57,4058.0,success
Qwen3-4B-Thinking,agentic,math_precalculus_046,1.0,True,1,19313.0,1446.0017,163.3,4058.0,success
Qwen3-4B-Thinking,agentic,math_precalculus_047,0.0,False,Execution completed with no output,24797.0,1812.9604,163.62,4058.0,success
Qwen3-4B-Thinking,agentic,math_precalculus_048,0.0,False,Execution completed with no output,24656.0,1763.9684,165.02,4058.0,success
Qwen3-4B-Thinking,agentic,math_precalculus_049,0.0,False,Execution completed with no output,24390.0,1781.8891,163.23,4058.0,success
Qwen3-4B-Thinking,agentic,math_precalculus_050,1.0,True,5,19625.0,1421.0668,163.94,4058.0,success
Qwen3-4B-Thinking,vanilla,math_algebra_001,1.0,True,5,17156.0,821.3937,65.08,5272.0,success
Qwen3-4B-Thinking,vanilla,math_algebra_002,1.0,True,3,14390.0,1120.5576,40.63,5272.0,success
Qwen3-4B-Thinking,vanilla,math_algebra_003,1.0,True,2x^2 - 5x - 12,10610.0,814.4079,40.73,5272.0,success
Qwen3-4B-Thinking,vanilla,math_algebra_004,0.0,False,,14359.0,1108.9111,40.72,5272.0,failed
Qwen3-4B-Thinking,vanilla,math_algebra_005,1.0,True,11,8297.0,633.2244,65.23,5272.0,success
Qwen3-4B-Thinking,vanilla,math_algebra_006,1.0,True,x + 3,11031.0,833.8281,61.93,5272.0,success
Qwen3-4B-Thinking,vanilla,math_algebra_007,1.0,True,7,10047.0,776.6735,65.27,5272.0,success
Qwen3-4B-Thinking,vanilla,math_algebra_008,1.0,True,58,13063.0,995.2696,40.78,5272.0,success
Qwen3-4B-Thinking,vanilla,math_counting_and_probability_009,1.0,True,56,10641.0,796.162,41.82,5272.0,success
Qwen3-4B-Thinking,vanilla,math_counting_and_probability_010,1.0,True,120,11594.0,875.2589,66.32,5272.0,success
Qwen3-4B-Thinking,vanilla,math_counting_and_probability_011,1.0,True,\frac{1}{2},13407.0,1017.1692,41.85,5272.0,success
Qwen3-4B-Thinking,vanilla,math_counting_and_probability_012,1.0,True,64,10812.0,835.1106,66.06,5272.0,success
Qwen3-4B-Thinking,vanilla,math_counting_and_probability_013,0.0,False,,14297.0,1097.0358,67.94,5272.0,failed
Qwen3-4B-Thinking,vanilla,math_counting_and_probability_014,0.0,False,2,14344.0,1082.2745,42.21,5272.0,failed
Qwen3-4B-Thinking,vanilla,math_counting_and_probability_015,0.0,False,2,14344.0,1086.2221,68.33,5272.0,failed
Qwen3-4B-Thinking,vanilla,math_geometry_016,1.0,True,36\pi,7156.0,532.6644,66.97,5272.0,success
Qwen3-4B-Thinking,vanilla,math_geometry_017,1.0,True,13,9578.0,719.024,42.39,5272.0,success
Qwen3-4B-Thinking,vanilla,math_geometry_018,1.0,True,4\sqrt{3},13953.0,1056.4486,66.7,5272.0,success
Qwen3-4B-Thinking,vanilla,math_geometry_019,1.0,True,36\pi,8234.0,623.1721,67.04,5272.0,success
Qwen3-4B-Thinking,vanilla,math_geometry_020,1.0,True,5,8921.0,673.2008,42.41,5272.0,success
Qwen3-4B-Thinking,vanilla,math_geometry_021,0.0,False,3,14265.0,1056.2763,68.47,5272.0,failed
Qwen3-4B-Thinking,vanilla,math_geometry_022,1.0,True,\dfrac{10\pi}{3},13422.0,1009.6805,67.11,5272.0,success
Qwen3-4B-Thinking,vanilla,math_intermediate_algebra_023,1.0,True,2,11343.0,838.4048,42.49,5272.0,success
Qwen3-4B-Thinking,vanilla,math_intermediate_algebra_024,0.0,False,2,14360.0,1082.076,42.5,5272.0,failed
Qwen3-4B-Thinking,vanilla,math_intermediate_algebra_025,0.0,False,25,14390.0,1092.0463,66.71,5272.0,failed
Qwen3-4B-Thinking,vanilla,math_intermediate_algebra_026,0.0,False,1,14375.0,1076.4027,67.16,4046.0,failed
Qwen3-4B-Thinking,vanilla,math_intermediate_algebra_027,1.0,True,6\sqrt{2},13578.0,1024.9397,66.43,4045.0,success
Qwen3-4B-Thinking,vanilla,math_intermediate_algebra_028,0.0,False,3,14312.0,1069.6712,68.6,4045.0,failed
Qwen3-4B-Thinking,vanilla,math_intermediate_algebra_029,0.0,False,2,14296.0,1086.2084,67.17,4045.0,failed
Qwen3-4B-Thinking,vanilla,math_number_theory_030,0.0,False,1,14219.0,1072.9493,66.77,4045.0,failed
Qwen3-4B-Thinking,vanilla,math_number_theory_031,1.0,True,70,11703.0,887.3765,61.91,4045.0,success
Qwen3-4B-Thinking,vanilla,math_number_theory_032,0.0,False,,14313.0,1076.4443,42.61,4045.0,failed
Qwen3-4B-Thinking,vanilla,math_number_theory_033,0.0,False,5,14297.0,1073.7424,42.63,4045.0,failed
Qwen3-4B-Thinking,vanilla,math_number_theory_034,0.0,False,20,14390.0,1092.1953,66.89,4045.0,failed
Qwen3-4B-Thinking,vanilla,math_number_theory_035,1.0,True,17,14266.0,1088.9161,42.71,4045.0,success
Qwen3-4B-Thinking,vanilla,math_number_theory_036,0.0,False,7,14312.0,1083.7085,42.72,4045.0,failed
Qwen3-4B-Thinking,vanilla,math_prealgebra_037,1.0,True,6,9469.0,712.1701,67.23,4045.0,success
Qwen3-4B-Thinking,vanilla,math_prealgebra_038,1.0,True,0.375,14281.0,1086.3298,42.75,4045.0,success
Qwen3-4B-Thinking,vanilla,math_prealgebra_039,1.0,True,84,10844.0,811.8043,42.76,4045.0,success
Qwen3-4B-Thinking,vanilla,math_prealgebra_040,1.0,True,5.00,10203.0,764.3099,67.2,4045.0,success
Qwen3-4B-Thinking,vanilla,math_prealgebra_041,0.0,False,16,14328.0,1086.7603,42.91,4045.0,failed
Qwen3-4B-Thinking,vanilla,math_prealgebra_042,1.0,True,26,13391.0,1008.0027,42.94,4045.0,success
Qwen3-4B-Thinking,vanilla,math_prealgebra_043,1.0,True,7,12141.0,924.8442,42.93,4045.0,success
Qwen3-4B-Thinking,vanilla,math_precalculus_044,0.0,False,\dfrac{\sqrt{3}}{2},10829.0,821.3727,60.3,4045.0,failed
Qwen3-4B-Thinking,vanilla,math_precalculus_045,0.0,False,3,14250.0,1093.975,42.98,4045.0,failed
Qwen3-4B-Thinking,vanilla,math_precalculus_046,1.0,True,1,11625.0,889.2416,67.6,4045.0,success
Qwen3-4B-Thinking,vanilla,math_precalculus_047,1.0,True,\frac{4}{5},10906.0,828.6728,67.5,4045.0,success
Qwen3-4B-Thinking,vanilla,math_precalculus_048,1.0,True,2\sqrt{3},9219.0,700.6951,67.2,4045.0,success
Qwen3-4B-Thinking,vanilla,math_precalculus_049,0.0,False,1,14672.0,1107.1609,70.05,4045.0,failed
Qwen3-4B-Thinking,vanilla,math_precalculus_050,1.0,True,5,8547.0,646.1651,70.06,4045.0,success
